TIMESTAMP,DISTANCE,AVG_LAT,AVG_LNG,GPS_ACCURACY,AVG_SPEED_BY_GPS,ACCLERATOR_STD,MAX_ACCLERATOR,MIN_ACCLERATOR,PERCENTILE_25_ACCLERATOR,PERCENTILE_75_ACCLERATOR,ACCLERATOR_ENTROPY,AVG_ROLL,AVG_YAW,AVG_PITCH,WEEK_DAY,LABEL1,LABEL2
1479945720,5.454455350908114,42.338739073469327,-71.08817790442545,117.97469971372138,0.0909075891818019,0.0039524467870430281,0.010506683501421539,7.8074570598953701e-06,0.00073305143400175703,0.0070734171045074429,1.5910955635959392,-0.028737688105707537,0.14209564176287981,-0.53899396140973166,3,4,2
1479945750,4.86295962723862,42.338747823696593,-71.088166935498165,165.5048195457986,0.08104932712064367,0.0066324221136606311,0.016387944879963135,7.8074570598953701e-06,0.00049229148565399679,0.010870826500906332,1.8562701281920881,0.52486248601863572,-0.58929247956229414,-1.0704384881482136,3,4,2
1479945780,12.827755709129871,42.33876454746661,-71.088164016496336,179.17270739458701,0.21379592848549786,0.0066293138418150209,0.016387944879963135,0.00031387472970156047,0.00066878700650798242,0.0084171052106071075,1.8056165767134955,1.0257923675187715,-0.99724390227446402,-1.1571795656239363,3,4,2
1479945810,11.058734588988688,42.338784302761042,-71.088166530907145,172.08719717967099,0.18431224314981148,0.085507100404266678,0.23093570415923936,5.5848604033266545e-05,0.0007180523841103059,0.0034206696865638313,1.710560083757924,1.5123297673232701,-0.6955828876239547,-1.28322777764875,3,4,2
1479945840,8.867431496236069,42.338783885370276,-71.08818357642626,154.625334748195,0.14779052493726783,0.090088887442633381,0.23093570415923936,7.732365665227891e-06,0.0005351402073198962,0.084459953398528145,1.7770332013812697,1.4972728841582459,0.96673403529761459,-1.378175273035023,3,4,2
1479945870,2.020035954110507,42.338735672901834,-71.088182519458329,110.96457831233509,0.033667265901841784,0.056830330744476555,0.16384460341629675,2.8820291993328393e-06,0.00051108208813587679,0.0034522555608352996,1.8056165767134953,1.4651907242292714,1.4127476308903084,-1.4051280120978142,3,4,2
1479945900,3.2430839367418547,42.338699266770234,-71.088151012512768,109.65310625558709,0.054051398945697576,0.0016706497307062938,0.0048011864762069409,2.8820291993328393e-06,0.00016700585774637674,0.0016428747358813158,1.7917594692280547,1.603524794544495,1.5616380347369849,-1.4089633389871983,3,4,2
1479945930,11.179557773277654,42.338708498014533,-71.088145583621596,157.70202566756464,0.1863259628879609,0.12838157408940806,0.34985089299603206,0.00014982003498700957,0.0003301179476044496,0.10915059179955719,1.7770332013812693,1.4945751195262702,0.40671940606078433,-1.3798344130338855,3,4,2
1479945960,17.900099086591126,42.338647120884552,-71.08811922117151,147.93022122972337,0.29833498477651876,0.12503464808539197,0.34985089299603206,9.1275027126378315e-05,0.00048170386110234014,0.12939816523781078,1.8043716191528454,0.54268777437708537,-0.74420401349167997,-1.39234121425107,3,3,8
1479945990,8.853987001853957,42.338473471003311,-71.088010518332169,109.74084187761066,0.14756645003089927,0.021243323791483068,0.05976992189030858,9.1275027126378315e-05,0.00022962213562541451,0.010877062511435489,1.7347645210257756,0.13920537001373087,-0.53919155909369321,-1.4624140255839064,3,3,8
1479946020,25.757981241780787,42.338446512414166,-71.087947794082453,148.83474693546302,0.4292996873630131,0.49060058082177066,1.4195601395083293,0.00013225112982713291,0.0066947466846390153,0.33245551169223186,1.8043716191528456,1.7112500045036889,-0.056620743977033143,-1.4014031914314187,3,3,8
1479946050,34.13406437224419,42.338604213290544,-71.088048459704382,140.86328568388055,0.5689010728707365,0.49107269809121756,1.4195601395083293,0.00041837294941575616,0.0051313601075222426,0.33245551169223186,1.8937882323911377,1.0899833041008227,0.48764712110136266,-1.394927684384313,3,3,8
1479946080,1.3945885723198097,42.338800094021067,-71.088212750673677,106.08770282093411,0.023243142871996827,0.025740670161805035,0.071346013456252855,8.6410958101417411e-05,0.00021517675768252377,0.0080676437878197671,1.6581101035673731,-1.104354505136228,-0.098918505408533378,-1.4435964786878568,3,3,8
1479946110,13.259069060351727,42.338756464744087,-71.088186632081829,148.2037386640414,0.22098448433919546,0.10418157122992497,0.27680025713079448,8.6410958101417411e-05,0.0076078979473072281,0.18906454547820767,1.8891591637540217,0.24387744487499946,-0.92767928689764878,-1.3987537562385115,3,3,8
1479946140,12.606700716027905,42.338623521119708,-71.088113838827582,146.96536620303249,0.2101116786004651,0.1095595333044567,0.27680025713079448,0.00041110206224511379,0.0032248446998874134,0.18906454547820767,1.8043716191528452,0.60847658046518027,-0.6949942906724248,-1.4017771556536929,3,3,8
1479946170,6.595640482838754,42.338574554830743,-71.088091294706928,134.80996447082708,0.1099273413806459,0.0015809516997696378,0.0040873508077861592,3.368495046091328e-06,0.00015010901650496492,0.0028298031057883092,1.7917594692280547,0.18410183937068872,-0.23727969467893048,-1.4409410537898217,3,3,8
1479946200,3.985333286183269,42.338616937824114,-71.088118023991598,151.9597477691685,0.06642222143638782,0.0023373631121381138,0.0061096646424561672,2.1407296723029919e-06,4.3042913172837418e-06,0.0035807865592154889,1.8675843750169279,0.30622972047604807,-0.72449838426122726,-1.4704747104288942,3,3,8
1479946230,2.4730301340831518,42.338639001567799,-71.0881302870349,172.05988458496,0.04121716890138586,0.083634866385062387,0.21288420679357545,2.1407296723029919e-06,0.0020905942978156327,0.1221840861612544,1.8043716191528456,-0.19161294849566879,-0.6671792336181751,-1.4605277842641642,3,3,8
1479946260,23.18762342116329,42.338609710744365,-71.088092573614148,48.690996642641636,0.3864603903527215,0.052960048594435261,0.21288420679357545,0.06032680627530225,0.085754620483669858,0.1621890438203934,1.7328679513998633,-0.98239238858031896,-0.1145824624406641,-1.3690009583738483,3,3,8
1479946290,13.316090108274887,42.338767847845702,-71.088089167610562,29.226277218218051,0.2219348351379148,0.42508647486214896,1.4021423018431634,0.06032680627530225,0.12933507012436329,0.43940302594301472,1.8891591637540219,-0.46084640434413066,-0.99779569447614669,-1.1961598746657029,3,3,8
1479946320,76.47458767348023,42.33881493428941,-71.087886405709284,25.166666666666668,1.2745764612246704,0.381496674934096,1.4021423018431634,0.080234477771921331,0.40656119668304547,0.66458562751714156,1.9459101490553139,0.96432716465910384,-1.7515905336640165,-1.1195670878568487,3,3,8
1479946350,97.59263715184287,42.338822737959646,-71.087467441464668,25.0,1.6265439525307144,0.47541317035687131,1.3282321423049586,0.014407788074672826,0.051490481909284763,0.67676352339596713,1.791759469228055,1.2380819264232665,-1.7299494770885897,-1.2388925276730001,3,3,8
1479946380,53.60173252486504,42.33881978724559,-71.087144768026462,25.846364601287931,0.8933622087477507,0.47584276869812386,1.3282321423049586,0.014407788074672826,0.06665339669167776,0.63638753568429107,1.9459101490553139,0.84045579239094892,-1.3399089754637126,-1.2757093959359114,3,3,8
1479946410,24.071817077905287,42.338776008731074,-71.086971222023564,43.486121104003949,0.4011969512984214,0.28443031048369477,0.97164190240597015,0.081242593623041814,0.13755632163066525,0.27867368391369357,1.9459101490553139,-0.91458976268470449,-0.82016675956784169,-1.2277424116128153,3,3,8
1479946440,18.87050970438941,42.338724119162499,-71.086832835405232,81.489649285562663,0.3145084950731568,0.34338738343726294,1.0600008263019602,0.052097777855900806,0.10686069517554325,0.28096396267698986,1.791759469228055,-1.5671093062003048,-0.31116032954496137,-1.2797087095958759,3,3,8
1479946470,7.23461229590909,42.338721096780219,-71.086769084633289,172.34683929025715,0.12057687159848483,0.45144230028753329,1.1150898821876172,0.052097777855900806,0.17961619305082308,1.0705785941201609,1.8891591637540217,-1.4073060785074356,-0.29131389617251197,-1.2808978794902601,3,3,8
1479946500,62.65961404756995,42.338689819569275,-71.086750199741601,245.46740840417635,1.0443269007928326,0.41993554372280911,1.1150898821876172,0.054069471732676615,0.22899223423660844,0.97300287654364626,1.9459101490553139,-1.9167112434625349,0.33438115887048359,-1.2680277127770283,3,3,8
1479946530,103.09111501468868,42.338170456939025,-71.086336903819017,123.76452665712769,1.7181852502448114,0.56889444459270866,1.6551860242439806,0.063312343129841978,0.099395642142520516,0.74730507469754204,1.791759469228055,-1.0479017608358274,0.69452570166197514,-1.3275100788187049,3,3,8
1479946560,114.54881764163952,42.337885151216142,-71.085767935409777,27.556306536886343,1.909146960693992,0.76564648048371675,2.0862688121538819,0.069341186243909489,0.15634253055912409,1.0719745457123016,1.9459101490553139,0.10147086570162735,-0.32046517416468212,-1.3491478585414216,3,3,8
1479946590,64.01452409328196,42.337944338836103,-71.08542721678603,24.333333333333332,1.0669087348880326,0.68858580016644599,2.0862688121538819,0.0056200359245933513,0.065626657161441282,0.35228941675698078,1.8891591637540213,-0.83009661570820115,-1.22252545811893,-0.65825713967956045,3,3,8
1479946620,10.667347653147585,42.337916964238836,-71.085338012381541,34.978006515705175,0.17778912755245976,0.056085633719316637,0.15608385963841359,6.2057913454040671e-05,0.0057487297103134306,0.04810802010719159,1.6609474332869181,-2.9488778788060266,-2.1286760193378367,0.22517937197265014,3,3,8
1479946650,9.099336355468777,42.337891689440433,-71.085337334051502,42.400413415650497,0.15165560592447963,0.025411508628624041,0.061434939128592783,6.2057913454040671e-05,0.0020294726970111173,0.019959843082753448,1.3296613488547582,-2.9721206123979549,-2.2456459934082051,0.204443110906457,3,3,8
1479946680,12.759608433276355,42.338006501125456,-71.085267862637309,34.304986490965383,0.21266014055460591,0.0,0.0026852776248634763,0.0026852776248634763,0.0026852776248634763,0.0026852776248634763,0.0,-2.92001814324072,-2.1735922017670801,0.225859154442134,3,3,8
1479946710,0.0,nan,nan,nan,0.0,0.0,0.0,0.0,0.0,0.0,0.0,nan,nan,nan,3,3,8
1479946740,0.0,nan,nan,nan,0.0,0.0,0.0,0.0,0.0,0.0,0.0,nan,nan,nan,3,3,8
1479946770,0.0,nan,nan,nan,0.0,0.0,0.0,0.0,0.0,0.0,0.0,nan,nan,nan,3,3,8
1479946800,0.0,nan,nan,nan,0.0,0.0,0.0,0.0,0.0,0.0,0.0,nan,nan,nan,3,3,8
1479946830,0.0,nan,nan,nan,0.0,0.0,0.0,0.0,0.0,0.0,0.0,nan,nan,nan,3,3,8
1479946860,0.0,nan,nan,nan,0.0,0.0,0.0,0.0,0.0,0.0,0.0,nan,nan,nan,3,3,8
1479946890,0.0,nan,nan,nan,0.0,0.0,0.0,0.0,0.0,0.0,0.0,nan,nan,nan,3,3,8
1479946920,0.0,nan,nan,nan,0.0,0.0,0.0,0.0,0.0,0.0,0.0,nan,nan,nan,3,3,8
1479946950,0.0,nan,nan,nan,0.0,0.0,0.0,0.0,0.0,0.0,0.0,nan,nan,nan,3,3,8
1479946980,0.0,nan,nan,nan,0.0,0.0,0.0,0.0,0.0,0.0,0.0,nan,nan,nan,3,3,8
1479947010,0.0,nan,nan,nan,0.0,0.0,0.0,0.0,0.0,0.0,0.0,nan,nan,nan,3,3,8
1479947040,0.0,nan,nan,nan,0.0,0.0,0.0,0.0,0.0,0.0,0.0,nan,nan,nan,3,3,8
1479947070,0.0,nan,nan,nan,0.0,0.0,0.0,0.0,0.0,0.0,0.0,nan,nan,nan,3,3,8
1479947100,0.0,nan,nan,nan,0.0,0.0,0.0,0.0,0.0,0.0,0.0,nan,nan,nan,3,3,8
1479947130,0.0,nan,nan,nan,0.0,0.0,0.0,0.0,0.0,0.0,0.0,nan,nan,nan,3,3,8
1479947160,0.0,nan,nan,nan,0.0,0.0,0.0,0.0,0.0,0.0,0.0,nan,nan,nan,3,3,8
1479947190,0.0,nan,nan,nan,0.0,0.0,0.0,0.0,0.0,0.0,0.0,nan,nan,nan,3,3,8
1479947220,0.0,nan,nan,nan,0.0,0.0,0.0,0.0,0.0,0.0,0.0,nan,nan,nan,3,3,8
1479947250,0.0,nan,nan,nan,0.0,0.0,0.0,0.0,0.0,0.0,0.0,nan,nan,nan,3,3,8
1479947280,0.0,nan,nan,nan,0.0,0.0,0.0,0.0,0.0,0.0,0.0,nan,nan,nan,3,3,8
1479947310,0.0,nan,nan,nan,0.0,0.0,0.0,0.0,0.0,0.0,0.0,nan,nan,nan,3,3,8
1479947340,0.0,nan,nan,nan,0.0,0.0,0.0,0.0,0.0,0.0,0.0,nan,nan,nan,3,3,8
1479947370,0.0,nan,nan,nan,0.0,0.0,0.0,0.0,0.0,0.0,0.0,nan,nan,nan,3,3,8
1479947400,0.0,nan,nan,nan,0.0,0.0,0.0,0.0,0.0,0.0,0.0,nan,nan,nan,3,3,8
1479947430,0.0,nan,nan,nan,0.0,0.0,0.0,0.0,0.0,0.0,0.0,nan,nan,nan,3,3,8
1479947460,0.0,nan,nan,nan,0.0,0.0,0.0,0.0,0.0,0.0,0.0,nan,nan,nan,3,3,8
1479947490,0.0,nan,nan,nan,0.0,0.0,0.0,0.0,0.0,0.0,0.0,nan,nan,nan,3,3,8
1479947520,0.0,nan,nan,nan,0.0,0.0,0.0,0.0,0.0,0.0,0.0,nan,nan,nan,3,3,8
1479947550,0.0,nan,nan,nan,0.0,0.0,0.0,0.0,0.0,0.0,0.0,nan,nan,nan,3,3,8
1479947580,0.0,nan,nan,nan,0.0,0.0,0.0,0.0,0.0,0.0,0.0,nan,nan,nan,3,3,8
1479947610,0.0,nan,nan,nan,0.0,0.0,0.0,0.0,0.0,0.0,0.0,nan,nan,nan,3,3,8
1479947640,0.0,nan,nan,nan,0.0,0.0,0.0,0.0,0.0,0.0,0.0,nan,nan,nan,3,3,8
1479947670,0.0,nan,nan,nan,0.0,0.0,0.0,0.0,0.0,0.0,0.0,nan,nan,nan,3,3,8
1479947700,0.0,nan,nan,nan,0.0,0.0,0.0,0.0,0.0,0.0,0.0,nan,nan,nan,3,3,8
1479947730,0.0,nan,nan,nan,0.0,0.0,0.0,0.0,0.0,0.0,0.0,nan,nan,nan,3,3,8
1479947760,0.0,nan,nan,nan,0.0,0.0,0.0,0.0,0.0,0.0,0.0,nan,nan,nan,3,3,8
1479947790,0.0,nan,nan,nan,0.0,0.0,0.0,0.0,0.0,0.0,0.0,nan,nan,nan,3,3,8
1479947820,0.0,nan,nan,nan,0.0,0.0,0.0,0.0,0.0,0.0,0.0,nan,nan,nan,3,3,8
1479947850,0.0,nan,nan,nan,0.0,0.0,0.0,0.0,0.0,0.0,0.0,nan,nan,nan,3,3,8
1479947880,0.0,nan,nan,nan,0.0,0.0,0.0,0.0,0.0,0.0,0.0,nan,nan,nan,3,3,8
1479947910,0.0,nan,nan,nan,0.0,0.0,0.0,0.0,0.0,0.0,0.0,nan,nan,nan,3,3,8
1479947940,0.0,nan,nan,nan,0.0,0.0,0.0,0.0,0.0,0.0,0.0,nan,nan,nan,3,3,8
1479947970,0.0,nan,nan,nan,0.0,0.0,0.0,0.0,0.0,0.0,0.0,nan,nan,nan,3,3,8
1479948000,0.0,nan,nan,nan,0.0,0.0,0.0,0.0,0.0,0.0,0.0,nan,nan,nan,3,3,8
1479948030,0.0,nan,nan,nan,0.0,0.0,0.0,0.0,0.0,0.0,0.0,nan,nan,nan,3,3,8
1479948060,0.0,nan,nan,nan,0.0,0.0,0.0,0.0,0.0,0.0,0.0,nan,nan,nan,3,2,12
1479948090,0.0,nan,nan,nan,0.0,0.0,0.0,0.0,0.0,0.0,0.0,nan,nan,nan,3,2,12
1479948120,0.0,nan,nan,nan,0.0,0.0,0.0,0.0,0.0,0.0,0.0,nan,nan,nan,3,2,12
1479948150,0.0,nan,nan,nan,0.0,0.0,0.0,0.0,0.0,0.0,0.0,nan,nan,nan,3,2,12
1479948180,0.0,nan,nan,nan,0.0,0.0,0.0,0.0,0.0,0.0,0.0,nan,nan,nan,3,2,12
1479948210,0.0,nan,nan,nan,0.0,0.0,0.0,0.0,0.0,0.0,0.0,nan,nan,nan,3,2,12
1479948240,0.0,nan,nan,nan,0.0,0.0,0.0,0.0,0.0,0.0,0.0,nan,nan,nan,3,2,12
1479948270,0.0,nan,nan,nan,0.0,0.0,0.0,0.0,0.0,0.0,0.0,nan,nan,nan,3,2,12
1479948300,0.0,nan,nan,nan,0.0,0.0,0.0,0.0,0.0,0.0,0.0,nan,nan,nan,3,2,12
1479948330,0.0,nan,nan,nan,0.0,0.0,0.0,0.0,0.0,0.0,0.0,nan,nan,nan,3,2,12
1479948360,0.0,nan,nan,nan,0.0,0.0,0.0,0.0,0.0,0.0,0.0,nan,nan,nan,3,2,12
1479948390,0.0,nan,nan,nan,0.0,0.0,0.0,0.0,0.0,0.0,0.0,nan,nan,nan,3,2,12
1479948420,0.0,nan,nan,nan,0.0,0.0,0.0,0.0,0.0,0.0,0.0,nan,nan,nan,3,2,12
1479948450,0.0,nan,nan,nan,0.0,0.0,0.0,0.0,0.0,0.0,0.0,nan,nan,nan,3,2,12
1479948480,0.0,nan,nan,nan,0.0,0.0,0.0,0.0,0.0,0.0,0.0,nan,nan,nan,3,2,12
1479948510,0.0,nan,nan,nan,0.0,0.0,0.0,0.0,0.0,0.0,0.0,nan,nan,nan,3,2,12
1479948540,0.0,nan,nan,nan,0.0,0.0,0.0,0.0,0.0,0.0,0.0,nan,nan,nan,3,2,12
1479948570,0.0,nan,nan,nan,0.0,0.0,0.0,0.0,0.0,0.0,0.0,nan,nan,nan,3,2,12
1479948600,0.0,nan,nan,nan,0.0,0.0,0.0,0.0,0.0,0.0,0.0,nan,nan,nan,3,2,12
1479948630,0.0,nan,nan,nan,0.0,0.0,0.0,0.0,0.0,0.0,0.0,nan,nan,nan,3,2,12
1479948660,0.0,nan,nan,nan,0.0,0.0,0.0,0.0,0.0,0.0,0.0,nan,nan,nan,3,2,12
1479948690,0.0,nan,nan,nan,0.0,0.0,0.0,0.0,0.0,0.0,0.0,nan,nan,nan,3,2,12
1479948720,0.0,nan,nan,nan,0.0,0.0,0.0,0.0,0.0,0.0,0.0,nan,nan,nan,3,2,12
1479948750,0.0,nan,nan,nan,0.0,0.0,0.0,0.0,0.0,0.0,0.0,nan,nan,nan,3,2,12
1479948780,0.0,nan,nan,nan,0.0,0.0,0.0,0.0,0.0,0.0,0.0,nan,nan,nan,3,2,12
1479948810,0.0,nan,nan,nan,0.0,0.0,0.0,0.0,0.0,0.0,0.0,nan,nan,nan,3,2,12
1479948840,0.0,nan,nan,nan,0.0,0.0,0.0,0.0,0.0,0.0,0.0,nan,nan,nan,3,2,12
1479948870,0.0,nan,nan,nan,0.0,0.0,0.0,0.0,0.0,0.0,0.0,nan,nan,nan,3,2,12
1479948900,0.0,nan,nan,nan,0.0,0.0,0.0,0.0,0.0,0.0,0.0,nan,nan,nan,3,2,12
1479948930,0.0,nan,nan,nan,0.0,0.0,0.0,0.0,0.0,0.0,0.0,nan,nan,nan,3,2,12
1479948960,0.0,nan,nan,nan,0.0,0.0,0.0,0.0,0.0,0.0,0.0,nan,nan,nan,3,2,12
1479948990,0.0,nan,nan,nan,0.0,0.0,0.0,0.0,0.0,0.0,0.0,nan,nan,nan,3,2,12
1479949020,0.0,nan,nan,nan,0.0,0.0,0.0,0.0,0.0,0.0,0.0,nan,nan,nan,3,2,12
1479949050,0.0,nan,nan,nan,0.0,0.0,0.0,0.0,0.0,0.0,0.0,nan,nan,nan,3,2,12
1479949080,0.0,nan,nan,nan,0.0,0.0,0.0,0.0,0.0,0.0,0.0,nan,nan,nan,3,2,12
1479949110,0.0,nan,nan,nan,0.0,0.0,0.0,0.0,0.0,0.0,0.0,nan,nan,nan,3,2,12
1479949140,0.0,nan,nan,nan,0.0,0.0,0.0,0.0,0.0,0.0,0.0,nan,nan,nan,3,2,12
1479949170,0.0,nan,nan,nan,0.0,0.0,0.0,0.0,0.0,0.0,0.0,nan,nan,nan,3,2,12
1479949200,0.0,nan,nan,nan,0.0,0.0,0.0,0.0,0.0,0.0,0.0,nan,nan,nan,3,2,12
1479949230,0.0,nan,nan,nan,0.0,0.0,0.0,0.0,0.0,0.0,0.0,nan,nan,nan,3,2,12
1479949260,0.0,nan,nan,nan,0.0,0.0,0.0,0.0,0.0,0.0,0.0,nan,nan,nan,3,2,12
1479949290,0.0,nan,nan,nan,0.0,0.0,0.0,0.0,0.0,0.0,0.0,nan,nan,nan,3,2,12
1479949320,0.0,nan,nan,nan,0.0,0.0,0.0,0.0,0.0,0.0,0.0,nan,nan,nan,3,2,12
1479949350,0.0,nan,nan,nan,0.0,0.0,0.0,0.0,0.0,0.0,0.0,nan,nan,nan,3,2,12
1479949380,0.0,nan,nan,nan,0.0,0.0,0.0,0.0,0.0,0.0,0.0,nan,nan,nan,3,2,12
1479949410,0.0,nan,nan,nan,0.0,0.0,0.0,0.0,0.0,0.0,0.0,nan,nan,nan,3,2,12
1479949440,0.0,nan,nan,nan,0.0,0.0,0.0,0.0,0.0,0.0,0.0,nan,nan,nan,3,2,12
1479949470,0.0,nan,nan,nan,0.0,0.0,0.0,0.0,0.0,0.0,0.0,nan,nan,nan,3,2,12
1479949500,0.0,nan,nan,nan,0.0,0.0,0.0,0.0,0.0,0.0,0.0,nan,nan,nan,3,2,12
1479949530,0.0,nan,nan,nan,0.0,0.0,0.0,0.0,0.0,0.0,0.0,nan,nan,nan,3,2,12
1479949560,0.0,nan,nan,nan,0.0,0.0,0.0,0.0,0.0,0.0,0.0,nan,nan,nan,3,2,12
1479949590,0.0,nan,nan,nan,0.0,0.0,0.0,0.0,0.0,0.0,0.0,nan,nan,nan,3,2,12
1479949620,0.0,nan,nan,nan,0.0,0.0,0.0,0.0,0.0,0.0,0.0,nan,nan,nan,3,2,12
1479949650,0.0,nan,nan,nan,0.0,0.0,0.0,0.0,0.0,0.0,0.0,nan,nan,nan,3,2,12
1479949680,0.0,nan,nan,nan,0.0,0.0,0.0,0.0,0.0,0.0,0.0,nan,nan,nan,3,2,12
1479949710,0.0,nan,nan,nan,0.0,0.0,0.0,0.0,0.0,0.0,0.0,nan,nan,nan,3,2,12
1479949740,0.0,nan,nan,nan,0.0,0.0,0.0,0.0,0.0,0.0,0.0,nan,nan,nan,3,2,12
1479949770,0.0,nan,nan,nan,0.0,0.0,0.0,0.0,0.0,0.0,0.0,nan,nan,nan,3,2,12
1479949800,0.0,nan,nan,nan,0.0,0.0,0.0,0.0,0.0,0.0,0.0,nan,nan,nan,3,2,12
1479949830,0.0,nan,nan,nan,0.0,0.0,0.0,0.0,0.0,0.0,0.0,nan,nan,nan,3,2,12
1479949860,0.0,nan,nan,nan,0.0,0.0,0.0,0.0,0.0,0.0,0.0,nan,nan,nan,3,2,12
1479949890,0.0,nan,nan,nan,0.0,0.0,0.0,0.0,0.0,0.0,0.0,nan,nan,nan,3,2,12
1479949920,0.0,nan,nan,nan,0.0,0.0,0.0,0.0,0.0,0.0,0.0,nan,nan,nan,3,2,12
1479949950,0.0,nan,nan,nan,0.0,0.0,0.0,0.0,0.0,0.0,0.0,nan,nan,nan,3,2,12
1479949980,0.0,nan,nan,nan,0.0,0.0,0.0,0.0,0.0,0.0,0.0,nan,nan,nan,3,2,12
1479950010,0.0,nan,nan,nan,0.0,0.0,0.0,0.0,0.0,0.0,0.0,nan,nan,nan,3,2,12
1479950040,0.0,nan,nan,nan,0.0,0.0,0.0,0.0,0.0,0.0,0.0,nan,nan,nan,3,2,12
1479950070,0.0,nan,nan,nan,0.0,0.0,0.0,0.0,0.0,0.0,0.0,nan,nan,nan,3,2,12
1479950100,0.0,nan,nan,nan,0.0,0.0,0.0,0.0,0.0,0.0,0.0,nan,nan,nan,3,2,12
1479950130,0.0,nan,nan,nan,0.0,0.0,0.0,0.0,0.0,0.0,0.0,nan,nan,nan,3,2,12
1479950160,0.0,nan,nan,nan,0.0,0.0,0.0,0.0,0.0,0.0,0.0,nan,nan,nan,3,2,12
1479950190,0.0,nan,nan,nan,0.0,0.0,0.0,0.0,0.0,0.0,0.0,nan,nan,nan,3,2,12
1479950220,0.0,nan,nan,nan,0.0,0.0,0.0,0.0,0.0,0.0,0.0,nan,nan,nan,3,2,12
1479950250,0.0,nan,nan,nan,0.0,0.0,0.0,0.0,0.0,0.0,0.0,nan,nan,nan,3,2,12
1479950280,0.0,nan,nan,nan,0.0,0.0,0.0,0.0,0.0,0.0,0.0,nan,nan,nan,3,2,12
1479950310,0.0,nan,nan,nan,0.0,0.0,0.0,0.0,0.0,0.0,0.0,nan,nan,nan,3,2,12
1479950340,0.0,nan,nan,nan,0.0,0.0,0.0,0.0,0.0,0.0,0.0,nan,nan,nan,3,2,12
1479950370,0.0,nan,nan,nan,0.0,0.0,0.0,0.0,0.0,0.0,0.0,nan,nan,nan,3,2,12
1479950400,0.0,nan,nan,nan,0.0,0.0,0.0,0.0,0.0,0.0,0.0,nan,nan,nan,3,2,12
1479950430,0.0,nan,nan,nan,0.0,0.0,0.0,0.0,0.0,0.0,0.0,nan,nan,nan,3,2,12
1479950460,0.0,nan,nan,nan,0.0,0.0,0.0,0.0,0.0,0.0,0.0,nan,nan,nan,3,2,12
1479950490,0.0,nan,nan,nan,0.0,0.0,0.0,0.0,0.0,0.0,0.0,nan,nan,nan,3,2,12
1479950520,0.0,nan,nan,nan,0.0,0.0,0.0,0.0,0.0,0.0,0.0,nan,nan,nan,3,2,12
1479950550,0.0,nan,nan,nan,0.0,0.0,0.0,0.0,0.0,0.0,0.0,nan,nan,nan,3,2,12
1479950580,0.0,nan,nan,nan,0.0,0.0,0.0,0.0,0.0,0.0,0.0,nan,nan,nan,3,2,12
1479950610,0.0,nan,nan,nan,0.0,0.0,0.0,0.0,0.0,0.0,0.0,nan,nan,nan,3,2,12
1479950640,0.0,nan,nan,nan,0.0,0.0,0.0,0.0,0.0,0.0,0.0,nan,nan,nan,3,2,12
1479950670,0.0,nan,nan,nan,0.0,0.0,0.0,0.0,0.0,0.0,0.0,nan,nan,nan,3,2,12
1479950700,0.0,nan,nan,nan,0.0,0.0,0.0,0.0,0.0,0.0,0.0,nan,nan,nan,3,2,12
1479950730,0.0,nan,nan,nan,0.0,0.0,0.0,0.0,0.0,0.0,0.0,nan,nan,nan,3,2,12
1479950760,0.0,nan,nan,nan,0.0,0.0,0.0,0.0,0.0,0.0,0.0,nan,nan,nan,3,2,12
1479950790,0.0,nan,nan,nan,0.0,0.0,0.0,0.0,0.0,0.0,0.0,nan,nan,nan,3,2,12
1479950820,0.0,nan,nan,nan,0.0,0.0,0.0,0.0,0.0,0.0,0.0,nan,nan,nan,3,2,12
1479950850,0.0,nan,nan,nan,0.0,0.0,0.0,0.0,0.0,0.0,0.0,nan,nan,nan,3,2,12
1479950880,0.0,nan,nan,nan,0.0,0.0,0.0,0.0,0.0,0.0,0.0,nan,nan,nan,3,2,12
1479950910,0.0,nan,nan,nan,0.0,0.0,0.0,0.0,0.0,0.0,0.0,nan,nan,nan,3,2,12
1479950940,0.0,nan,nan,nan,0.0,0.0,0.0,0.0,0.0,0.0,0.0,nan,nan,nan,3,2,12
1479950970,0.0,nan,nan,nan,0.0,0.0,0.0,0.0,0.0,0.0,0.0,nan,nan,nan,3,2,12
1479951000,0.0,nan,nan,nan,0.0,0.0,0.0,0.0,0.0,0.0,0.0,nan,nan,nan,3,2,12
1479951030,0.0,nan,nan,nan,0.0,0.0,0.0,0.0,0.0,0.0,0.0,nan,nan,nan,3,2,12
1479951060,0.0,nan,nan,nan,0.0,0.0,0.0,0.0,0.0,0.0,0.0,nan,nan,nan,3,2,12
1479951090,0.0,nan,nan,nan,0.0,0.0,0.0,0.0,0.0,0.0,0.0,nan,nan,nan,3,2,12
1479951120,0.0,nan,nan,nan,0.0,0.0,0.0,0.0,0.0,0.0,0.0,nan,nan,nan,3,2,12
1479951150,0.0,nan,nan,nan,0.0,0.0,0.0,0.0,0.0,0.0,0.0,nan,nan,nan,3,2,12
1479951180,0.0,nan,nan,nan,0.0,0.0,0.0,0.0,0.0,0.0,0.0,nan,nan,nan,3,2,12
1479951210,0.0,nan,nan,nan,0.0,0.0,0.0,0.0,0.0,0.0,0.0,nan,nan,nan,3,2,12
1479951240,0.0,nan,nan,nan,0.0,0.0,0.0,0.0,0.0,0.0,0.0,nan,nan,nan,3,2,12
1479951270,0.0,nan,nan,nan,0.0,0.0,0.0,0.0,0.0,0.0,0.0,nan,nan,nan,3,2,12
1479951300,0.0,nan,nan,nan,0.0,0.0,0.0,0.0,0.0,0.0,0.0,nan,nan,nan,3,2,12
1479951330,0.0,nan,nan,nan,0.0,0.0,0.0,0.0,0.0,0.0,0.0,nan,nan,nan,3,2,12
1479951360,0.0,nan,nan,nan,0.0,0.0,0.0,0.0,0.0,0.0,0.0,nan,nan,nan,3,2,12
1479951390,0.0,nan,nan,nan,0.0,0.0,0.0,0.0,0.0,0.0,0.0,nan,nan,nan,3,2,12
1479951420,0.0,nan,nan,nan,0.0,0.0,0.0,0.0,0.0,0.0,0.0,nan,nan,nan,3,2,12
1479951450,0.0,nan,nan,nan,0.0,0.0,0.0,0.0,0.0,0.0,0.0,nan,nan,nan,3,2,12
1479951480,0.0,nan,nan,nan,0.0,0.0,0.0,0.0,0.0,0.0,0.0,nan,nan,nan,3,2,12
1479951510,0.0,nan,nan,nan,0.0,0.0,0.0,0.0,0.0,0.0,0.0,nan,nan,nan,3,2,12
1479951540,0.0,nan,nan,nan,0.0,0.0,0.0,0.0,0.0,0.0,0.0,nan,nan,nan,3,2,12
1479951570,0.0,nan,nan,nan,0.0,0.0,0.0,0.0,0.0,0.0,0.0,nan,nan,nan,3,2,12
1479951600,0.0,nan,nan,nan,0.0,0.0,0.0,0.0,0.0,0.0,0.0,nan,nan,nan,3,2,12
1479951630,0.0,nan,nan,nan,0.0,0.0,0.0,0.0,0.0,0.0,0.0,nan,nan,nan,3,2,12
1479951660,0.0,nan,nan,nan,0.0,0.0,0.0,0.0,0.0,0.0,0.0,nan,nan,nan,3,2,12
1479951690,0.0,nan,nan,nan,0.0,0.0,0.0,0.0,0.0,0.0,0.0,nan,nan,nan,3,2,12
1479951720,0.0,nan,nan,nan,0.0,0.0,0.0,0.0,0.0,0.0,0.0,nan,nan,nan,3,2,12
1479951750,0.0,nan,nan,nan,0.0,0.0,0.0,0.0,0.0,0.0,0.0,nan,nan,nan,3,2,12
1479951780,0.0,nan,nan,nan,0.0,0.0,0.0,0.0,0.0,0.0,0.0,nan,nan,nan,3,2,12
1479951810,0.0,nan,nan,nan,0.0,0.0,0.0,0.0,0.0,0.0,0.0,nan,nan,nan,3,2,12
1479951840,0.0,nan,nan,nan,0.0,0.0,0.0,0.0,0.0,0.0,0.0,nan,nan,nan,3,2,12
1479951870,0.0,nan,nan,nan,0.0,0.0,0.0,0.0,0.0,0.0,0.0,nan,nan,nan,3,2,12
1479951900,0.0,nan,nan,nan,0.0,0.0,0.0,0.0,0.0,0.0,0.0,nan,nan,nan,3,2,12
1479951930,0.0,nan,nan,nan,0.0,0.0,0.0,0.0,0.0,0.0,0.0,nan,nan,nan,3,2,12
1479951960,0.0,nan,nan,nan,0.0,0.0,0.0,0.0,0.0,0.0,0.0,nan,nan,nan,3,2,12
1479951990,0.0,nan,nan,nan,0.0,0.0,0.0,0.0,0.0,0.0,0.0,nan,nan,nan,3,2,12
1479952020,0.0,nan,nan,nan,0.0,0.0,0.0,0.0,0.0,0.0,0.0,nan,nan,nan,3,2,12
1479952050,0.0,nan,nan,nan,0.0,0.0,0.0,0.0,0.0,0.0,0.0,nan,nan,nan,3,2,12
1479952080,0.0,nan,nan,nan,0.0,0.0,0.0,0.0,0.0,0.0,0.0,nan,nan,nan,3,2,12
1479952110,0.0,nan,nan,nan,0.0,0.0,0.0,0.0,0.0,0.0,0.0,nan,nan,nan,3,2,12
1479952140,0.0,nan,nan,nan,0.0,0.0,0.0,0.0,0.0,0.0,0.0,nan,nan,nan,3,2,12
1479952170,0.0,nan,nan,nan,0.0,0.0,0.0,0.0,0.0,0.0,0.0,nan,nan,nan,3,2,12
1479952200,0.0,nan,nan,nan,0.0,0.0,0.0,0.0,0.0,0.0,0.0,nan,nan,nan,3,2,12
1479952230,0.0,nan,nan,nan,0.0,0.0,0.0,0.0,0.0,0.0,0.0,nan,nan,nan,3,2,12
1479952260,0.0,nan,nan,nan,0.0,0.0,0.0,0.0,0.0,0.0,0.0,nan,nan,nan,3,2,12
1479952290,0.0,nan,nan,nan,0.0,0.0,0.0,0.0,0.0,0.0,0.0,nan,nan,nan,3,2,12
1479952320,0.0,nan,nan,nan,0.0,0.0,0.0,0.0,0.0,0.0,0.0,nan,nan,nan,3,2,12
1479952350,0.0,nan,nan,nan,0.0,0.0,0.0,0.0,0.0,0.0,0.0,nan,nan,nan,3,2,12
1479952380,0.0,nan,nan,nan,0.0,0.0,0.0,0.0,0.0,0.0,0.0,nan,nan,nan,3,2,12
1479952410,0.0,nan,nan,nan,0.0,0.0,0.0,0.0,0.0,0.0,0.0,nan,nan,nan,3,2,12
1479952440,0.0,nan,nan,nan,0.0,0.0,0.0,0.0,0.0,0.0,0.0,nan,nan,nan,3,2,12
1479952470,0.0,nan,nan,nan,0.0,0.0,0.0,0.0,0.0,0.0,0.0,nan,nan,nan,3,2,12
1479952500,0.0,nan,nan,nan,0.0,0.0,0.0,0.0,0.0,0.0,0.0,nan,nan,nan,3,2,12
1479952530,0.0,nan,nan,nan,0.0,0.0,0.0,0.0,0.0,0.0,0.0,nan,nan,nan,3,2,12
1479952560,0.0,nan,nan,nan,0.0,0.0,0.0,0.0,0.0,0.0,0.0,nan,nan,nan,3,2,12
1479952590,0.0,nan,nan,nan,0.0,0.0,0.0,0.0,0.0,0.0,0.0,nan,nan,nan,3,2,12
1479952620,0.0,nan,nan,nan,0.0,0.0,0.0,0.0,0.0,0.0,0.0,nan,nan,nan,3,2,12
1479952650,0.0,nan,nan,nan,0.0,0.0,0.0,0.0,0.0,0.0,0.0,nan,nan,nan,3,2,12
1479952680,0.0,nan,nan,nan,0.0,0.0,0.0,0.0,0.0,0.0,0.0,nan,nan,nan,3,2,12
1479952710,0.0,nan,nan,nan,0.0,0.0,0.0,0.0,0.0,0.0,0.0,nan,nan,nan,3,2,12
1479952740,0.0,nan,nan,nan,0.0,0.0,0.0,0.0,0.0,0.0,0.0,nan,nan,nan,3,2,12
1479952770,0.0,nan,nan,nan,0.0,0.0,0.0,0.0,0.0,0.0,0.0,nan,nan,nan,3,2,12
1479952800,0.0,nan,nan,nan,0.0,0.0,0.0,0.0,0.0,0.0,0.0,nan,nan,nan,3,2,12
1479952830,0.0,nan,nan,nan,0.0,0.0,0.0,0.0,0.0,0.0,0.0,nan,nan,nan,3,2,12
1479952860,0.0,nan,nan,nan,0.0,0.0,0.0,0.0,0.0,0.0,0.0,nan,nan,nan,3,2,12
1479952890,0.0,nan,nan,nan,0.0,0.0,0.0,0.0,0.0,0.0,0.0,nan,nan,nan,3,2,12
1479952920,0.0,nan,nan,nan,0.0,0.0,0.0,0.0,0.0,0.0,0.0,nan,nan,nan,3,2,12
1479952950,0.0,nan,nan,nan,0.0,0.0,0.0,0.0,0.0,0.0,0.0,nan,nan,nan,3,2,12
1479952980,0.0,nan,nan,nan,0.0,0.0,0.0,0.0,0.0,0.0,0.0,nan,nan,nan,3,2,12
1479953010,0.0,nan,nan,nan,0.0,0.0,0.0,0.0,0.0,0.0,0.0,nan,nan,nan,3,2,12
1479953040,0.0,nan,nan,nan,0.0,0.0,0.0,0.0,0.0,0.0,0.0,nan,nan,nan,3,2,12
1479953070,0.0,nan,nan,nan,0.0,0.0,0.0,0.0,0.0,0.0,0.0,nan,nan,nan,3,2,12
1479953100,0.0,nan,nan,nan,0.0,0.0,0.0,0.0,0.0,0.0,0.0,nan,nan,nan,3,2,12
1479953130,0.0,nan,nan,nan,0.0,0.0,0.0,0.0,0.0,0.0,0.0,nan,nan,nan,3,2,12
1479953160,0.0,nan,nan,nan,0.0,0.0,0.0,0.0,0.0,0.0,0.0,nan,nan,nan,3,2,12
1479953190,0.0,nan,nan,nan,0.0,0.0,0.0,0.0,0.0,0.0,0.0,nan,nan,nan,3,2,12
1479953220,0.0,nan,nan,nan,0.0,0.0,0.0,0.0,0.0,0.0,0.0,nan,nan,nan,3,2,12
1479953250,0.0,nan,nan,nan,0.0,0.0,0.0,0.0,0.0,0.0,0.0,nan,nan,nan,3,2,12
1479953280,0.0,nan,nan,nan,0.0,0.0,0.0,0.0,0.0,0.0,0.0,nan,nan,nan,3,2,12
1479953310,0.0,nan,nan,nan,0.0,0.0,0.0,0.0,0.0,0.0,0.0,nan,nan,nan,3,2,12
1479953340,0.0,nan,nan,nan,0.0,0.0,0.0,0.0,0.0,0.0,0.0,nan,nan,nan,3,2,12
1479953370,0.0,nan,nan,nan,0.0,0.0,0.0,0.0,0.0,0.0,0.0,nan,nan,nan,3,2,12
1479953400,0.0,nan,nan,nan,0.0,0.0,0.0,0.0,0.0,0.0,0.0,nan,nan,nan,3,2,12
1479953430,0.0,nan,nan,nan,0.0,0.0,0.0,0.0,0.0,0.0,0.0,nan,nan,nan,3,2,12
1479953460,0.0,nan,nan,nan,0.0,0.0,0.0,0.0,0.0,0.0,0.0,nan,nan,nan,3,2,12
1479953490,0.0,nan,nan,nan,0.0,0.0,0.0,0.0,0.0,0.0,0.0,nan,nan,nan,3,2,12
1479953520,0.0,nan,nan,nan,0.0,0.0,0.0,0.0,0.0,0.0,0.0,nan,nan,nan,3,2,12
1479953550,0.0,nan,nan,nan,0.0,0.0,0.0,0.0,0.0,0.0,0.0,nan,nan,nan,3,2,12
1479953580,0.0,nan,nan,nan,0.0,0.0,0.0,0.0,0.0,0.0,0.0,nan,nan,nan,3,2,12
1479953610,0.0,nan,nan,nan,0.0,0.0,0.0,0.0,0.0,0.0,0.0,nan,nan,nan,3,2,12
1479953640,0.0,nan,nan,nan,0.0,0.0,0.0,0.0,0.0,0.0,0.0,nan,nan,nan,3,2,12
1479953670,0.0,nan,nan,nan,0.0,0.0,0.0,0.0,0.0,0.0,0.0,nan,nan,nan,3,2,12
1479953700,0.0,nan,nan,nan,0.0,0.0,0.0,0.0,0.0,0.0,0.0,nan,nan,nan,3,2,12
1479953730,0.0,nan,nan,nan,0.0,0.0,0.0,0.0,0.0,0.0,0.0,nan,nan,nan,3,2,12
1479953760,0.0,nan,nan,nan,0.0,0.0,0.0,0.0,0.0,0.0,0.0,nan,nan,nan,3,2,12
1479953790,0.0,nan,nan,nan,0.0,0.0,0.0,0.0,0.0,0.0,0.0,nan,nan,nan,3,2,12
1479953820,0.0,nan,nan,nan,0.0,0.0,0.0,0.0,0.0,0.0,0.0,nan,nan,nan,3,2,12
1479953850,0.0,nan,nan,nan,0.0,0.0,0.0,0.0,0.0,0.0,0.0,nan,nan,nan,3,2,12
1479953880,0.0,nan,nan,nan,0.0,0.0,0.0,0.0,0.0,0.0,0.0,nan,nan,nan,3,2,12
1479953910,0.0,nan,nan,nan,0.0,0.0,0.0,0.0,0.0,0.0,0.0,nan,nan,nan,3,2,12
1479953940,0.0,nan,nan,nan,0.0,0.0,0.0,0.0,0.0,0.0,0.0,nan,nan,nan,3,2,12
1479953970,0.0,nan,nan,nan,0.0,0.0,0.0,0.0,0.0,0.0,0.0,nan,nan,nan,3,2,12
1479954000,0.0,nan,nan,nan,0.0,0.0,0.0,0.0,0.0,0.0,0.0,nan,nan,nan,3,2,12
1479954030,0.0,nan,nan,nan,0.0,0.0,0.0,0.0,0.0,0.0,0.0,nan,nan,nan,3,2,12
1479954060,0.0,nan,nan,nan,0.0,0.0,0.0,0.0,0.0,0.0,0.0,nan,nan,nan,3,2,12
1479954090,0.0,nan,nan,nan,0.0,0.0,0.0,0.0,0.0,0.0,0.0,nan,nan,nan,3,2,12
1479954120,0.0,nan,nan,nan,0.0,0.0,0.0,0.0,0.0,0.0,0.0,nan,nan,nan,3,2,12
1479954150,0.0,nan,nan,nan,0.0,0.0,0.0,0.0,0.0,0.0,0.0,nan,nan,nan,3,2,12
1479954180,0.0,nan,nan,nan,0.0,0.0,0.0,0.0,0.0,0.0,0.0,nan,nan,nan,3,2,12
1479954210,0.0,nan,nan,nan,0.0,0.0,0.0,0.0,0.0,0.0,0.0,nan,nan,nan,3,2,12
1479954240,0.0,nan,nan,nan,0.0,0.0,0.0,0.0,0.0,0.0,0.0,nan,nan,nan,3,2,12
1479954270,0.0,nan,nan,nan,0.0,0.0,0.0,0.0,0.0,0.0,0.0,nan,nan,nan,3,2,12
1479954300,0.0,nan,nan,nan,0.0,0.0,0.0,0.0,0.0,0.0,0.0,nan,nan,nan,3,2,12
1479954330,0.0,nan,nan,nan,0.0,0.0,0.0,0.0,0.0,0.0,0.0,nan,nan,nan,3,2,12
1479954360,0.0,nan,nan,nan,0.0,0.0,0.0,0.0,0.0,0.0,0.0,nan,nan,nan,3,2,12
1479954390,0.0,nan,nan,nan,0.0,0.0,0.0,0.0,0.0,0.0,0.0,nan,nan,nan,3,2,12
1479954420,0.0,nan,nan,nan,0.0,0.0,0.0,0.0,0.0,0.0,0.0,nan,nan,nan,3,2,12
1479954450,0.0,nan,nan,nan,0.0,0.0,0.0,0.0,0.0,0.0,0.0,nan,nan,nan,3,2,12
1479954480,0.0,nan,nan,nan,0.0,0.0,0.0,0.0,0.0,0.0,0.0,nan,nan,nan,3,2,12
1479954510,0.0,nan,nan,nan,0.0,0.0,0.0,0.0,0.0,0.0,0.0,nan,nan,nan,3,2,12
1479954540,0.0,nan,nan,nan,0.0,0.0,0.0,0.0,0.0,0.0,0.0,nan,nan,nan,3,2,12
1479954570,0.0,nan,nan,nan,0.0,0.0,0.0,0.0,0.0,0.0,0.0,nan,nan,nan,3,2,12
1479954600,0.0,nan,nan,nan,0.0,0.0,0.0,0.0,0.0,0.0,0.0,nan,nan,nan,3,2,12
1479954630,0.0,nan,nan,nan,0.0,0.0,0.0,0.0,0.0,0.0,0.0,nan,nan,nan,3,2,12
1479954660,0.0,nan,nan,nan,0.0,0.0,0.0,0.0,0.0,0.0,0.0,nan,nan,nan,3,2,12
1479954690,0.0,nan,nan,nan,0.0,0.0,0.0,0.0,0.0,0.0,0.0,nan,nan,nan,3,2,12
1479954720,0.0,nan,nan,nan,0.0,0.0,0.0,0.0,0.0,0.0,0.0,nan,nan,nan,3,2,12
1479954750,0.0,nan,nan,nan,0.0,0.0,0.0,0.0,0.0,0.0,0.0,nan,nan,nan,3,2,12
1479954780,0.0,nan,nan,nan,0.0,0.0,0.0,0.0,0.0,0.0,0.0,nan,nan,nan,3,2,12
1479954810,0.0,nan,nan,nan,0.0,0.0,0.0,0.0,0.0,0.0,0.0,nan,nan,nan,3,2,12
1479954840,0.0,nan,nan,nan,0.0,0.0,0.0,0.0,0.0,0.0,0.0,nan,nan,nan,3,2,12
1479954870,0.0,nan,nan,nan,0.0,0.0,0.0,0.0,0.0,0.0,0.0,nan,nan,nan,3,2,12
1479954900,0.0,nan,nan,nan,0.0,0.0,0.0,0.0,0.0,0.0,0.0,nan,nan,nan,3,2,12
1479954930,0.0,nan,nan,nan,0.0,0.0,0.0,0.0,0.0,0.0,0.0,nan,nan,nan,3,2,12
1479954960,0.0,nan,nan,nan,0.0,0.0,0.0,0.0,0.0,0.0,0.0,nan,nan,nan,3,2,12
1479954990,0.0,nan,nan,nan,0.0,0.0,0.0,0.0,0.0,0.0,0.0,nan,nan,nan,3,2,12
1479955020,0.0,nan,nan,nan,0.0,0.0,0.0,0.0,0.0,0.0,0.0,nan,nan,nan,3,2,12
1479955050,0.0,nan,nan,nan,0.0,0.0,0.0,0.0,0.0,0.0,0.0,nan,nan,nan,3,2,12
1479955080,0.0,nan,nan,nan,0.0,0.0,0.0,0.0,0.0,0.0,0.0,nan,nan,nan,3,2,12
1479955110,0.0,nan,nan,nan,0.0,0.0,0.0,0.0,0.0,0.0,0.0,nan,nan,nan,3,2,12
1479955140,0.0,nan,nan,nan,0.0,0.0,0.0,0.0,0.0,0.0,0.0,nan,nan,nan,3,2,12
1479955170,0.0,nan,nan,nan,0.0,0.0,0.0,0.0,0.0,0.0,0.0,nan,nan,nan,3,2,12
1479955200,0.0,nan,nan,nan,0.0,0.0,0.0,0.0,0.0,0.0,0.0,nan,nan,nan,3,3,8
1479955230,0.0,nan,nan,nan,0.0,0.0,0.0,0.0,0.0,0.0,0.0,nan,nan,nan,3,3,8
1479955260,0.0,nan,nan,nan,0.0,0.0,0.0,0.0,0.0,0.0,0.0,nan,nan,nan,3,3,8
1479955290,0.0,nan,nan,nan,0.0,0.0,0.0,0.0,0.0,0.0,0.0,nan,nan,nan,3,3,8
1479955320,0.0,nan,nan,nan,0.0,0.0,0.0,0.0,0.0,0.0,0.0,nan,nan,nan,3,3,8
1479955350,0.0,nan,nan,nan,0.0,0.0,0.0,0.0,0.0,0.0,0.0,nan,nan,nan,3,3,8
1479955380,0.0,nan,nan,nan,0.0,0.0,0.0,0.0,0.0,0.0,0.0,nan,nan,nan,3,3,8
1479955410,0.0,nan,nan,nan,0.0,0.0,0.0,0.0,0.0,0.0,0.0,nan,nan,nan,3,3,8
1479955440,0.0,nan,nan,nan,0.0,0.0,0.0,0.0,0.0,0.0,0.0,nan,nan,nan,3,3,8
1479955470,0.0,nan,nan,nan,0.0,0.0,0.0,0.0,0.0,0.0,0.0,nan,nan,nan,3,3,8
1479955500,0.0,nan,nan,nan,0.0,0.0,0.0,0.0,0.0,0.0,0.0,nan,nan,nan,3,3,8
1479955530,0.0,nan,nan,nan,0.0,0.0,0.0,0.0,0.0,0.0,0.0,nan,nan,nan,3,3,8
1479955560,0.0,nan,nan,nan,0.0,0.0,0.0,0.0,0.0,0.0,0.0,nan,nan,nan,3,3,8
1479955590,0.0,nan,nan,nan,0.0,0.0,0.0,0.0,0.0,0.0,0.0,nan,nan,nan,3,3,8
1479955620,0.0,nan,nan,nan,0.0,0.0,0.0,0.0,0.0,0.0,0.0,nan,nan,nan,3,3,8
1479955650,0.0,nan,nan,nan,0.0,0.0,0.0,0.0,0.0,0.0,0.0,nan,nan,nan,3,3,8
1479955680,0.0,nan,nan,nan,0.0,0.0,0.0,0.0,0.0,0.0,0.0,nan,nan,nan,3,3,8
1479955710,0.0,nan,nan,nan,0.0,0.0,0.0,0.0,0.0,0.0,0.0,nan,nan,nan,3,3,8
1479955740,0.0,nan,nan,nan,0.0,0.0,0.0,0.0,0.0,0.0,0.0,nan,nan,nan,3,3,8
1479955770,0.0,nan,nan,nan,0.0,0.0,0.0,0.0,0.0,0.0,0.0,nan,nan,nan,3,3,8
1479955800,0.0,nan,nan,nan,0.0,0.0,0.0,0.0,0.0,0.0,0.0,nan,nan,nan,3,3,8
1479955830,0.0,nan,nan,nan,0.0,0.0,0.0,0.0,0.0,0.0,0.0,nan,nan,nan,3,3,8
1479955860,0.0,nan,nan,nan,0.0,0.0,0.0,0.0,0.0,0.0,0.0,nan,nan,nan,3,3,8
1479955890,0.0,nan,nan,nan,0.0,0.0,0.0,0.0,0.0,0.0,0.0,nan,nan,nan,3,3,8
1479955920,0.0,nan,nan,nan,0.0,0.0,0.0,0.0,0.0,0.0,0.0,nan,nan,nan,3,3,8
1479955950,0.0,nan,nan,nan,0.0,0.0,0.0,0.0,0.0,0.0,0.0,nan,nan,nan,3,3,8
1479955980,0.0,nan,nan,nan,0.0,0.0,0.0,0.0,0.0,0.0,0.0,nan,nan,nan,3,3,8
1479956010,0.0,nan,nan,nan,0.0,0.0,0.0,0.0,0.0,0.0,0.0,nan,nan,nan,3,3,8
1479956040,0.0,nan,nan,nan,0.0,0.0,0.0,0.0,0.0,0.0,0.0,nan,nan,nan,3,3,8
1479956070,0.0,nan,nan,nan,0.0,0.0,0.0,0.0,0.0,0.0,0.0,nan,nan,nan,3,3,8
1479956100,0.0,nan,nan,nan,0.0,0.0,0.0,0.0,0.0,0.0,0.0,nan,nan,nan,3,3,8
1479956130,0.0,nan,nan,nan,0.0,0.0,0.0,0.0,0.0,0.0,0.0,nan,nan,nan,3,3,8
1479956160,0.0,nan,nan,nan,0.0,0.0,0.0,0.0,0.0,0.0,0.0,nan,nan,nan,3,3,8
1479956190,0.0,nan,nan,nan,0.0,0.0,0.0,0.0,0.0,0.0,0.0,nan,nan,nan,3,3,8
1479956220,0.0,nan,nan,nan,0.0,0.0,0.0,0.0,0.0,0.0,0.0,nan,nan,nan,3,3,8
1479956250,0.0,nan,nan,nan,0.0,0.0,0.0,0.0,0.0,0.0,0.0,nan,nan,nan,3,3,8
1479956280,0.0,nan,nan,nan,0.0,0.0,0.0,0.0,0.0,0.0,0.0,nan,nan,nan,3,3,8
1479956310,0.0,nan,nan,nan,0.0,0.0,0.0,0.0,0.0,0.0,0.0,nan,nan,nan,3,3,8
1479956340,0.0,nan,nan,nan,0.0,0.0,0.0,0.0,0.0,0.0,0.0,nan,nan,nan,3,3,8
1479956370,0.0,nan,nan,nan,0.0,0.0,0.0,0.0,0.0,0.0,0.0,nan,nan,nan,3,3,8
1479956400,0.0,nan,nan,nan,0.0,0.0,0.0,0.0,0.0,0.0,0.0,nan,nan,nan,3,3,8
1479956430,0.0,nan,nan,nan,0.0,0.0,0.0,0.0,0.0,0.0,0.0,nan,nan,nan,3,3,8
1479956460,0.0,nan,nan,nan,0.0,0.0,0.0,0.0,0.0,0.0,0.0,nan,nan,nan,3,3,8
1479956490,0.0,nan,nan,nan,0.0,0.0,0.0,0.0,0.0,0.0,0.0,nan,nan,nan,3,3,8
1479956520,0.0,nan,nan,nan,0.0,0.0,0.0,0.0,0.0,0.0,0.0,nan,nan,nan,3,3,8
1479956550,0.0,nan,nan,nan,0.0,0.0,0.0,0.0,0.0,0.0,0.0,nan,nan,nan,3,3,8
1479956580,0.0,nan,nan,nan,0.0,0.0,0.0,0.0,0.0,0.0,0.0,nan,nan,nan,3,3,8
1479956610,0.0,nan,nan,nan,0.0,0.0,0.0,0.0,0.0,0.0,0.0,nan,nan,nan,3,3,8
1479956640,0.0,nan,nan,nan,0.0,0.0,0.0,0.0,0.0,0.0,0.0,nan,nan,nan,3,3,8
1479956670,0.0,nan,nan,nan,0.0,0.0,0.0,0.0,0.0,0.0,0.0,nan,nan,nan,3,3,8
1479956700,0.0,nan,nan,nan,0.0,0.0,0.0,0.0,0.0,0.0,0.0,nan,nan,nan,3,3,8
1479956730,0.0,nan,nan,nan,0.0,0.0,0.0,0.0,0.0,0.0,0.0,nan,nan,nan,3,3,8
1479956760,0.0,nan,nan,nan,0.0,0.0,0.0,0.0,0.0,0.0,0.0,nan,nan,nan,3,3,8
1479956790,0.0,nan,nan,nan,0.0,0.0,0.0,0.0,0.0,0.0,0.0,nan,nan,nan,3,3,8
1479956820,0.0,nan,nan,nan,0.0,0.0,0.0,0.0,0.0,0.0,0.0,nan,nan,nan,3,3,8
1479956850,0.0,nan,nan,nan,0.0,0.0,0.0,0.0,0.0,0.0,0.0,nan,nan,nan,3,3,8
1479956880,0.0,nan,nan,nan,0.0,0.0,0.0,0.0,0.0,0.0,0.0,nan,nan,nan,3,3,8
1479956910,0.0,nan,nan,nan,0.0,0.0,0.0,0.0,0.0,0.0,0.0,nan,nan,nan,3,3,8
1479956940,0.0,nan,nan,nan,0.0,0.0,0.0,0.0,0.0,0.0,0.0,nan,nan,nan,3,3,8
1479956970,0.0,nan,nan,nan,0.0,0.0,0.0,0.0,0.0,0.0,0.0,nan,nan,nan,3,3,8
1479957000,0.0,nan,nan,nan,0.0,0.0,0.0,0.0,0.0,0.0,0.0,nan,nan,nan,3,3,8
1479957030,0.0,nan,nan,nan,0.0,0.0,0.0,0.0,0.0,0.0,0.0,nan,nan,nan,3,3,8
1479957060,0.0,nan,nan,nan,0.0,0.0,0.0,0.0,0.0,0.0,0.0,nan,nan,nan,3,3,8
1479957090,0.0,nan,nan,nan,0.0,0.0,0.0,0.0,0.0,0.0,0.0,nan,nan,nan,3,3,8
1479957120,0.0,nan,nan,nan,0.0,0.0,0.0,0.0,0.0,0.0,0.0,nan,nan,nan,3,3,8
1479957150,0.0,nan,nan,nan,0.0,0.0,0.0,0.0,0.0,0.0,0.0,nan,nan,nan,3,3,8
1479957180,0.0,nan,nan,nan,0.0,0.0,0.0,0.0,0.0,0.0,0.0,nan,nan,nan,3,3,8
1479957210,0.0,nan,nan,nan,0.0,0.0,0.0,0.0,0.0,0.0,0.0,nan,nan,nan,3,3,8
1479957240,0.0,nan,nan,nan,0.0,0.0,0.0,0.0,0.0,0.0,0.0,nan,nan,nan,3,3,8
1479957270,0.0,nan,nan,nan,0.0,0.0,0.0,0.0,0.0,0.0,0.0,nan,nan,nan,3,3,8
1479957300,0.0,nan,nan,nan,0.0,0.0,0.0,0.0,0.0,0.0,0.0,nan,nan,nan,3,3,8
1479957330,0.0,nan,nan,nan,0.0,0.0,0.0,0.0,0.0,0.0,0.0,nan,nan,nan,3,3,8
1479957360,0.0,nan,nan,nan,0.0,0.0,0.0,0.0,0.0,0.0,0.0,nan,nan,nan,3,3,8
1479957390,0.0,nan,nan,nan,0.0,0.0,0.0,0.0,0.0,0.0,0.0,nan,nan,nan,3,3,8
1479957420,0.0,nan,nan,nan,0.0,0.0,0.0,0.0,0.0,0.0,0.0,nan,nan,nan,3,3,8
1479957450,0.0,nan,nan,nan,0.0,0.0,0.0,0.0,0.0,0.0,0.0,nan,nan,nan,3,3,8
1479957480,0.0,nan,nan,nan,0.0,0.0,0.0,0.0,0.0,0.0,0.0,nan,nan,nan,3,3,8
1479957510,0.0,nan,nan,nan,0.0,0.0,0.0,0.0,0.0,0.0,0.0,nan,nan,nan,3,3,8
1479957540,0.0,nan,nan,nan,0.0,0.0,0.0,0.0,0.0,0.0,0.0,nan,nan,nan,3,3,8
1479957570,0.0,nan,nan,nan,0.0,0.0,0.0,0.0,0.0,0.0,0.0,nan,nan,nan,3,3,8
1479957600,0.0,nan,nan,nan,0.0,0.0,0.0,0.0,0.0,0.0,0.0,nan,nan,nan,3,3,8
1479957630,0.0,nan,nan,nan,0.0,0.0,0.0,0.0,0.0,0.0,0.0,nan,nan,nan,3,3,8
1479957660,0.0,nan,nan,nan,0.0,0.0,0.0,0.0,0.0,0.0,0.0,nan,nan,nan,3,3,8
1479957690,0.0,nan,nan,nan,0.0,0.0,0.0,0.0,0.0,0.0,0.0,nan,nan,nan,3,3,8
1479957720,0.0,nan,nan,nan,0.0,0.0,0.0,0.0,0.0,0.0,0.0,nan,nan,nan,3,3,8
1479957750,0.0,nan,nan,nan,0.0,0.0,0.0,0.0,0.0,0.0,0.0,nan,nan,nan,3,3,8
1479957780,0.0,nan,nan,nan,0.0,0.0,0.0,0.0,0.0,0.0,0.0,nan,nan,nan,3,3,8
1479957810,0.0,nan,nan,nan,0.0,0.0,0.0,0.0,0.0,0.0,0.0,nan,nan,nan,3,3,8
1479957840,0.0,nan,nan,nan,0.0,0.0,0.0,0.0,0.0,0.0,0.0,nan,nan,nan,3,0,6
1479957870,13.916874014261763,42.331639324587144,-71.109873403395639,17.366421650757935,0.23194790023769604,0.0,0.00038417270489249068,0.00038417270489249068,0.00038417270489249068,0.00038417270489249068,0.0,-2.9544363289469402,-2.3046424478183498,0.27069718460570702,3,0,6
1479957900,9.144177204561439,42.331592963288145,-71.109871289170883,17.475655776969216,0.1524029534093573,0.00079509518703466456,0.0022058452679288828,4.0499178616636055e-05,0.00011757013259244561,0.00052862051255410446,1.6094379124341005,-0.59987361375557713,1.3866247868328561,0.034999211820842618,3,0,6
1479957930,7.281469377104887,42.331581416812135,-71.109874023656502,17.708179340943857,0.12135782295174811,0.00074224775899520265,0.0022058452679288828,2.68123605516744e-05,4.2350958178795286e-05,0.00032309532257327503,1.945910149055313,-0.014564280873927431,2.3112512691152256,-0.019861598326419157,3,0,6
1479957960,0.0,42.331582233349209,-71.1098773219354,17.911573804595495,0.0,1.2660692933868443e-05,6.5992886571606657e-05,2.68123605516744e-05,4.1767451472497369e-05,5.6640391040276413e-05,1.7917594692280547,-0.019145915693537418,2.3136750456300632,-0.014424672347947831,3,0,6
1479957990,0.0,42.331582233349209,-71.1098773219354,17.911573804595495,0.0,1.0711616818491233e-05,7.0616546321363748e-05,4.0955689383011658e-05,4.6925914822350498e-05,6.3608684017984918e-05,1.945910149055313,-0.019253564493938356,2.3135223681566219,-0.01440899521539467,3,0,6
1479958020,0.0,42.331582233349209,-71.1098773219354,17.911573804595495,0.0,9.371931648517419e-06,7.0616546321363748e-05,4.4690268704171483e-05,4.9345534186633969e-05,6.3889180397634654e-05,1.945910149055313,-0.019286275938207541,2.3127543934086741,-0.014430092724331016,3,0,6
1479958050,0.0,42.331582233349209,-71.1098773219354,17.911573804595495,0.0,3.037023229606101e-06,5.8317946472871496e-05,4.9529507432738433e-05,5.4587852196246172e-05,5.7952809012122529e-05,1.7917594692280547,-0.019332937888533765,2.31195663848264,-0.014481993396717048,3,0,6
1479958080,0.0,42.331582233349209,-71.1098773219354,17.911573804595495,0.0,9.0562994101978027e-06,5.8317946472871496e-05,2.9402127933579855e-05,5.0387512963405643e-05,5.5593248693268888e-05,1.945910149055313,-0.01931206369901307,2.3116869068332813,-0.014475822364032859,3,0,6
1479958110,0.0,42.331582233349209,-71.1098773219354,17.911573804595495,0.0,1.0403159034617249e-05,6.221763289750142e-05,2.9402127933579855e-05,4.3285330083683602e-05,5.3296642915983512e-05,1.945910149055313,-0.019362535110953032,2.3111683039295143,-0.014414736476097872,3,0,6
1479958140,0.0,42.331582233349209,-71.1098773219354,17.911573804595495,0.0,9.1262306914236939e-06,6.221763289750142e-05,3.5316337001837107e-05,3.9218390279224909e-05,5.074989120786762e-05,1.7917594692280547,-0.019438276352239152,2.3104544067008299,-0.014392709940112283,3,0,6
1479958170,0.0,42.331582233349209,-71.1098773219354,17.911573804595495,0.0,5.9348184061933221e-06,5.3570391632856404e-05,3.5316337001837107e-05,4.1189282266043501e-05,4.8962029166180454e-05,1.945910149055313,-0.019484265920915959,2.3094606157522,-0.014398390617556142,3,0,6
1479958200,0.0,42.331582233349209,-71.1098773219354,17.911573804595495,0.0,7.8103980349363501e-06,5.6723501456849473e-05,3.4308899826607497e-05,3.7811924273640216e-05,4.9081273542065328e-05,1.945910149055313,-0.019533423040809128,2.3089347907163154,-0.014386856550705684,3,0,6
1479958230,0.0,42.331582233349209,-71.1098773219354,17.911573804595495,0.0,9.769631197142033e-06,5.6723501456849473e-05,2.6999393426816614e-05,3.0252305470190857e-05,3.9460007929642814e-05,1.7917594692280547,-0.019578825149530632,2.3089763946973201,-0.014386471765640481,3,0,6
1479958260,0.0,42.331582233349209,-71.1098773219354,17.911573804595495,0.0,6.1043168981063317e-06,4.5926587356988595e-05,2.6999393426816614e-05,3.078848058815358e-05,3.8312527812239155e-05,1.945910149055313,-0.019592531752755372,2.3092918725463201,-0.014426500698130115,3,0,6
1479958290,0.0,42.331582233349209,-71.1098773219354,17.911573804595495,0.0,6.4230148093776005e-06,4.5926587356988595e-05,2.5881119748490937e-05,3.2775652784249788e-05,4.0272501837417782e-05,1.945910149055313,-0.019570535000522589,2.3093212625100215,-0.014475385416374187,3,0,6
1479958320,0.0,42.331582233349209,-71.1098773219354,17.911573804595495,0.0,8.7798847134615605e-06,5.349936967855066e-05,2.5881119748490937e-05,3.6399547704303672e-05,4.5771456002399651e-05,1.7917594692280547,-0.019585393337868934,2.3092591885507749,-0.014464740073968032,3,0,6
1479958350,0.0,42.331582233349209,-71.1098773219354,17.911573804595495,0.0,9.8067153380132086e-06,5.349936967855066e-05,2.1749833818849217e-05,3.0584080485433928e-05,4.14534324804053e-05,1.945910149055313,-0.019655732968434286,2.3093962856766788,-0.014485364821452714,3,0,6
1479958380,0.0,42.331582233349209,-71.1098773219354,17.911573804595495,0.0,4.3096584504730893e-06,3.5858178045047118e-05,2.1749833818849217e-05,2.8072634323337039e-05,3.2428711495174838e-05,1.945910149055313,-0.019639986691222359,2.3097620078041783,-0.014465471850500801,3,0,6
1479958410,0.0,42.331582233349209,-71.1098773219354,17.911573804595495,0.0,8.5499256516982534e-06,4.7181515911139738e-05,2.106603171863273e-05,2.7300673857173965e-05,3.8012434773126682e-05,1.7917594692280547,-0.019577421517984583,2.3098305831241865,-0.014477077444163731,3,0,6
1479958440,0.0,42.331582233349209,-71.1098773219354,17.911573804595495,0.0,1.0103411932722072e-05,4.7181515911139738e-05,1.5430096132861359e-05,2.3158836902282268e-05,3.489484766237376e-05,1.945910149055313,-0.019591846746128943,2.3093184183320559,-0.014563144873845314,3,0,6
1479958470,0.0,42.331582233349209,-71.1098773219354,17.911573804595495,0.0,5.734095990403562e-06,3.5396002599560444e-05,1.5430096132861359e-05,2.3637253903439995e-05,2.7904728830187407e-05,1.945910149055313,-0.01962168451225273,2.3094530555210833,-0.014530280180146826,3,0,6
1479958500,0.0,42.331582233349209,-71.1098773219354,17.911573804595495,0.0,4.9742401305247084e-06,3.5396002599560444e-05,1.9396478182518476e-05,2.3534795685497134e-05,2.7067020810420563e-05,1.7917594692280547,-0.019646241668657385,2.3100164499446016,-0.014492000408006614,3,0,6
1479958530,0.0,42.331582233349209,-71.1098773219354,17.911573804595495,0.0,4.3775854494539905e-06,2.7901329079679833e-05,1.5234129716094643e-05,1.7385913338851439e-05,2.3906244062576523e-05,1.945910149055313,-0.019671262845414088,2.310417825844969,-0.014496452394523199,3,0,6
1479958560,0.0,42.331582233349209,-71.1098773219354,17.911573804595495,0.0,7.8929825043017543e-06,3.9036607225153566e-05,1.5234129716094643e-05,1.6441074064260361e-05,2.5843962764513095e-05,1.945910149055313,-0.019681297540391284,2.3106275722120211,-0.014502641521108871,3,0,6
1479958590,0.0,42.331582233349209,-71.1098773219354,17.911573804595495,0.0,7.8924692484363046e-06,3.9036607225153566e-05,1.4856274679733272e-05,1.8708326432020925e-05,2.7573662659340861e-05,1.7917594692280547,-0.01969762658998107,2.3106008871364367,-0.014477927148283248,3,0,6
1479958620,0.0,42.331582233349209,-71.1098773219354,17.911573804595495,0.0,6.9220654985572623e-06,3.7401250426697666e-05,1.4856274679733272e-05,2.0907060188430948e-05,2.8392072639343615e-05,1.945910149055313,-0.01973600732582351,2.3105280472481757,-0.014445189912190957,3,0,6
1479958650,0.0,42.331582233349209,-71.1098773219354,17.911573804595495,0.0,5.4870994974612473e-06,3.7401250426697666e-05,1.9501213548787169e-05,2.3552868318932284e-05,2.9248023833181429e-05,1.945910149055313,-0.019717528175212572,2.310565539859136,-0.014463617971530457,3,0,6
1479958680,0.0,42.331582233349209,-71.1098773219354,17.911573804595495,0.0,3.7804240745017384e-06,2.7075146711989299e-05,1.4770200488966059e-05,2.2680473182799343e-05,2.4060090805095034e-05,1.7917594692280547,-0.01970701128031295,2.3108823310815736,-0.014457216236274583,3,0,6
1479958710,4.325112466970699,42.331587583098909,-71.109882891710058,18.392818968216538,0.07208520778284498,6.9059158397494257e-06,3.8831734199991454e-05,1.4770200488966059e-05,2.0549019085663025e-05,2.3300101009423025e-05,1.945910149055313,-0.019711600029141723,2.3109500128770057,-0.014402340959421127,3,0,6
1479958740,4.325112466970699,42.331605415597906,-71.109901457625554,20.876033269686193,0.07208520778284498,7.2303242076622149e-06,3.8831734199991454e-05,1.9552787141431745e-05,2.0549019085663025e-05,3.1141153005307174e-05,1.945910149055313,-0.01968360170092617,2.3102976669348645,-0.014432223118281958,3,0,6
1479958770,0.0,42.331617898347204,-71.109914453766407,22.878002407534797,0.0,5.8406542349895111e-06,3.4810444556124532e-05,1.9552787141431745e-05,2.2010755237278194e-05,3.2153493467085799e-05,1.7917594692280547,-0.019742144914172598,2.3095248350474398,-0.014500940702232248,3,0,6
1479958800,0.0,42.331617898347204,-71.109914453766407,22.878002407534797,0.0,6.6756258588845985e-06,3.3175815734915461e-05,1.1221723265426996e-05,1.9401782469992838e-05,2.463845658090224e-05,1.945910149055313,-0.019782387612791611,2.309164020300269,-0.014464328300669385,3,0,6
1479958830,0.0,42.331617898347204,-71.109914453766407,22.878002407534797,0.0,3.3333040093020731e-06,2.0536237549671145e-05,1.1221723265426996e-05,1.6481767630971063e-05,1.987938066532417e-05,1.945910149055313,-0.019756941407960815,2.3093490252429314,-0.014394437440680799,3,0,6
1479958860,0.0,42.331617898347204,-71.109914453766407,22.878002407534797,0.0,4.1453557067397217e-06,2.0536237549671145e-05,7.6545882636350357e-06,1.4281663410451026e-05,1.8394571067078791e-05,1.7917594692280547,-0.019738432457617566,2.3099964745635266,-0.014354131930296318,3,0,6
1479958890,0.0,42.331617898347204,-71.109914453766407,22.878002407534797,0.0,9.916184182557875e-06,3.5632696617762627e-05,7.6545882636350357e-06,1.5788307382893497e-05,3.1606311129084385e-05,1.945910149055313,-0.019749877956757013,2.3101690275443798,-0.014367202745582659,3,0,6
1479958920,0.0,42.331617898347204,-71.109914453766407,22.878002407534797,0.0,8.1169965683093862e-06,3.5632696617762627e-05,1.2510559198231351e-05,2.239426643984752e-05,3.2971618423945923e-05,1.945910149055313,-0.019777089807795429,2.3100604432230774,-0.014395399695981513,3,0,6
1479958950,0.0,42.331617898347204,-71.109914453766407,22.878002407534797,0.0,8.2040397278864957e-06,3.9581655143602033e-05,1.2510559198231351e-05,2.4565448574083087e-05,3.0929596482528959e-05,1.7917594692280547,-0.019794403526038101,2.3096890172976998,-0.014399482088267917,3,0,6
1479958980,0.0,42.331617898347204,-71.109914453766407,22.878002407534797,0.0,7.2342198743645579e-06,3.9581655143602033e-05,1.4156766473514347e-05,2.1454232255202987e-05,2.6646958363069735e-05,1.945910149055313,-0.019798628783756083,2.3090745440944511,-0.014460398859037443,3,0,6
1479959010,0.0,42.331617898347204,-71.109914453766407,22.878002407534797,0.0,4.8895278259652033e-06,3.0182921657704024e-05,1.4156766473514347e-05,2.1107824886786291e-05,2.6564547005551293e-05,1.945910149055313,-0.019821709315309827,2.3088134734159929,-0.014512970456806601,3,0,6
1479959040,0.0,42.331617898347204,-71.109914453766407,22.878002407534797,0.0,6.5648604643371921e-06,3.0223942565976355e-05,1.4003807412838611e-05,1.646485994748661e-05,2.8919440240091007e-05,1.7917594692280547,-0.019836659039715116,2.3087201178737984,-0.014472888848103131,3,0,6
1479959070,0.0,42.331617898347204,-71.109914453766407,22.878002407534797,0.0,8.0273156201234776e-06,3.7026555273060985e-05,1.4003807412838611e-05,2.0949613122115699e-05,3.1082963235957493e-05,1.945910149055313,-0.019831395681877501,2.3086343899301127,-0.014441804182596687,3,0,6
1479959100,0.0,42.331617898347204,-71.109914453766407,22.878002407534797,0.0,7.5561682279750169e-06,3.7026555273060985e-05,1.2339658052261206e-05,2.3683846419551063e-05,3.1256655160167261e-05,1.945910149055313,-0.019812377519620044,2.3089485152445088,-0.014416265017123243,3,0,6
1479959130,0.0,42.331617898347204,-71.109914453766407,22.878002407534797,0.0,5.431599343746361e-06,3.0571326414395902e-05,1.2339658052261206e-05,1.9939040550600726e-05,2.3464795441409793e-05,1.7917594692280547,-0.019801131311608149,2.3094837004969868,-0.014445284355559132,3,0,6
1479959160,0.0,42.331617898347204,-71.109914453766407,22.878002407534797,0.0,4.8101676373170473e-06,3.0824493845420512e-05,1.4540270857775212e-05,1.8685954985239889e-05,2.3413742840113089e-05,1.945910149055313,-0.019793024115555669,2.3093238643930158,-0.014510974115742144,3,0,6
1479959190,0.0,42.331617898347204,-71.109914453766407,22.878002407534797,0.0,5.4910580491126482e-06,3.0824493845420512e-05,1.4540270857775212e-05,1.6163037486905874e-05,2.3762135497019685e-05,1.945910149055313,-0.019823887616238111,2.3089912864570543,-0.014489466824747286,3,0,6
1479959220,0.0,42.331617898347204,-71.109914453766407,22.878002407534797,0.0,5.394546229451641e-06,3.1961480213784002e-05,1.4802831647759403e-05,1.8876807268507494e-05,2.3857538461077361e-05,1.7917594692280547,-0.019874859821671833,2.3089087737737715,-0.014418151902161084,3,0,6
1479959250,0.0,42.331617898347204,-71.109914453766407,22.878002407534797,0.0,5.7987938220624112e-06,3.1961480213784002e-05,1.3710575415147538e-05,1.9185604006726315e-05,2.5103329471375672e-05,1.945910149055313,-0.019848260975997355,2.3093752337645759,-0.014393814886825012,3,0,6
1479959280,0.0,42.331617898347204,-71.109914453766407,22.878002407534797,0.0,5.951311040937155e-06,2.8916833807685215e-05,1.0108263101360519e-05,1.2967011674837149e-05,1.9594354341087372e-05,1.945910149055313,-0.019838623971637413,2.3099243837017118,-0.014423311735392672,3,0,6
1479959310,0.0,42.331617898347204,-71.109914453766407,22.878002407534797,0.0,6.6890732030594578e-06,2.9735208808006224e-05,1.0108263101360519e-05,1.2801026302757203e-05,2.1805142684721767e-05,1.7917594692280547,-0.019830083819592403,2.3101151367173016,-0.014468891244822785,3,0,6
1479959340,0.0,42.331617898347204,-71.109914453766407,22.878002407534797,0.0,3.4039731371473302e-06,2.9735208808006224e-05,1.9548032209579032e-05,2.0356174062334749e-05,2.3992437820772987e-05,1.945910149055313,-0.019859442235687242,2.3095468369417973,-0.014483059478578827,3,0,6
1479959370,0.0,42.331617898347204,-71.109914453766407,22.878002407534797,0.0,3.0514334456887807e-06,2.741689878552365e-05,2.0100155623222344e-05,2.0519504570008406e-05,2.614255508694556e-05,1.945910149055313,-0.019894777291405128,2.3095865934885969,-0.014478697973645056,3,0,6
1479959400,0.0,42.331617898347204,-71.109914453766407,22.878002407534797,0.0,7.4318584890779817e-06,3.1796152424634355e-05,1.1322412307470546e-05,1.5512763237855756e-05,2.7277110933004695e-05,1.7917594692280547,-0.019916559164486682,2.3101082714880334,-0.014446814933963966,3,0,6
1479959430,0.0,42.331617898347204,-71.109914453766407,22.878002407534797,0.0,6.7293477272572466e-06,3.1796152424634355e-05,1.1322412307470546e-05,1.2000625455739752e-05,1.5778849916722864e-05,1.945910149055313,-0.019914589915591842,2.3099886413551554,-0.01445325824129663,3,0,6
1479959460,0.0,42.331617898347204,-71.109914453766407,22.878002407534797,0.0,2.8142003396481066e-06,1.768295439582794e-05,9.9004171236786374e-06,1.2000625455739752e-05,1.6733167174508642e-05,1.945910149055313,-0.019888776027092197,2.3096857509291828,-0.014445414588277914,3,0,6
1479959490,0.0,42.331617898347204,-71.109914453766407,22.878002407534797,0.0,4.0282874338737557e-06,1.7578212647943382e-05,6.7019346415443118e-06,1.0931518222261696e-05,1.7062275274979213e-05,1.7917594692280547,-0.019811137241984564,2.3093391319568966,-0.014449082786795549,3,0,6
1479959520,0.0,42.331617898347204,-71.109914453766407,22.878002407534797,0.0,9.2496179735810165e-06,3.9306302586726216e-05,6.7019346415443118e-06,1.5193420292644725e-05,1.7844865992841639e-05,1.945910149055313,-0.019805366209610185,2.3094215767174311,-0.014450925319561927,3,0,6
1479959550,0.0,42.331617898347204,-71.109914453766407,22.878002407534797,0.0,7.509523482519355e-06,3.9306302586726216e-05,1.6362019067278579e-05,1.7586669049893338e-05,2.1799290009092661e-05,1.945910149055313,-0.019882505196539429,2.3095986166286027,-0.014389546707016044,3,0,6
1479959580,0.0,42.331617898347204,-71.109914453766407,22.878002407534797,0.0,4.3266581227301771e-06,2.4053947514457192e-05,1.0033275822191393e-05,1.7180275655819651e-05,2.0640367895097059e-05,1.7917594692280547,-0.019889156974825115,2.3097222575792435,-0.014383152146118766,3,0,6
1479959610,0.0,42.331617898347204,-71.109914453766407,22.878002407534797,0.0,7.2736058399652243e-06,3.5082805510847843e-05,1.0033275822191393e-05,1.5666825033342536e-05,1.9919046036704597e-05,1.945910149055313,-0.019906970756344088,2.3099113319094933,-0.014377006948060144,3,0,6
