TIMESTAMP,DISTANCE,AVG_LAT,AVG_LNG,GPS_ACCURACY,AVG_SPEED_BY_GPS,ACCLERATOR_STD,MAX_ACCLERATOR,MIN_ACCLERATOR,PERCENTILE_25_ACCLERATOR,PERCENTILE_75_ACCLERATOR,ACCLERATOR_ENTROPY,AVG_ROLL,AVG_YAW,AVG_PITCH,WEEK_DAY
1479777180,12.880888203424655,42.331604944115817,-71.110013953662559,13.625521742302853,0.21468147005707758,0.31009818079875989,0.84497870506574779,0.00013471433302675434,0.0043959129402978189,0.031755252780571862,1.7328679513998633,-0.61516560148464505,0.25228885425085901,-0.66214080530098862,1
1479777210,1.4571130931226142,42.331651293246402,-71.110048833835052,16.408346037888649,0.024285218218710235,0.3147161287973313,0.84497870506574779,5.8264748024861924e-05,0.00011589649868088201,0.0014984844920599488,1.7105600837579242,0.10262571370487983,-1.7680375458525976,-0.14305995019464637,1
1479777240,3.809672133964809,42.331668212816432,-71.110051355390937,16.758179293986238,0.06349453556608015,0.00010441050620899639,0.0003622655578404711,4.1979991089069326e-05,6.2232706415730297e-05,8.9705573487014478e-05,1.945910149055313,0.70754752676857391,-2.4999740679939242,0.50464011653025898,1
1479777270,2.238998277504191,42.331668171605408,-71.110065115681977,17.872065402694723,0.03731663795840318,2.3377877139253618e-05,0.00012553925210852297,4.1979991089069326e-05,6.6664053636045282e-05,7.337232112153186e-05,1.945910149055313,0.71804907007577667,-2.5122825246900158,0.50791558950143501,1
1479777300,0.32498530548133897,42.331663161322773,-71.110070980220243,19.171476350567179,0.005416421758022316,2.8355900394291358e-05,0.00013099341969600349,5.4091480963304822e-05,7.1890821609391732e-05,0.00011547941900284044,1.7917594692280547,0.71783401492569554,-2.5237941874599303,0.5070303578184312,1
1479777330,0.0,42.331660897510417,-71.110070524803504,19.341024645111496,0.0,8.293022566695113e-05,0.00026917028731772929,5.4091480963304822e-05,8.7459011599893427e-05,0.00019899406113688844,1.945910149055313,0.71692254388179033,-2.5313620483620016,0.5048162098922494,1
1479777360,13.662354804884304,42.331655591067225,-71.110034861202479,16.043888372830857,0.2277059134147384,0.020970272412254281,0.050141018052890493,4.0342419262637575e-05,9.0591018735392781e-05,0.021418172759503234,1.8056165767134955,0.28231218579100065,-1.6524543950351018,-0.27446742544467562,1
1479777390,15.221386543711935,42.331618818261042,-71.109967621575208,11.55615764722406,0.25368977572853224,0.044809584709222125,0.12516577318512384,4.0342419262637575e-05,0.00013613282449630293,0.04824755734759005,1.6609474332869181,-0.50889201889008451,-0.18947441630051332,-1.3464409726108968,1
1479777420,1.7236616240491585,42.331588250158681,-71.109935852765176,10.182781596948951,0.02872769373415264,0.12181246087764892,0.3513836838403544,6.0045254744995367e-05,0.003292215124737746,0.066678444563717423,1.8640435797520256,-0.71951854587512443,-0.43689295056992272,-1.3721737950915371,1
1479777450,4.212053592162413,42.331560232250347,-71.109939982249486,10.0,0.0702008932027069,0.48487620839866569,1.4421983550819681,0.0062200347157252665,0.0073626426544633472,0.24633332617922987,1.8043716191528461,-0.41630664472141182,-0.69500213971192015,-1.3153807778196771,1
1479777480,5.866198221513245,42.331507767124414,-71.10995906504904,10.0,0.09776997035855409,0.51689140827694957,1.4421983550819681,0.00051784866727584895,0.018685951698906071,0.13106232851640853,1.7328679513998633,-0.24594525419287963,-0.94190772802909828,-0.7701605269898435,1
1479777510,3.504452609951038,42.331491293192222,-71.110007375544981,10.0,0.058407543499183964,0.034319608841754466,0.10040040851131812,9.4969676045417216e-05,0.00051059575479126744,0.0066036499235460049,1.8056165767134955,0.012486222046945597,-2.0287123619663525,0.041385761219843595,1
1479777540,47.97279836841843,42.33150938972117,-71.109857597920225,10.0,0.7995466394736405,0.0028325458064514244,0.0089403359769403973,9.4969676045417216e-05,0.00049070753554130678,0.0026442877949144836,1.8675843750169279,0.35689910773492345,-1.1223236641304286,0.26666054453739313,1
1479777570,67.12692999856816,42.332111627997712,-71.109628489244486,10.0,1.1187821666428026,0.0015903508499100552,0.0043729611304003241,2.8121797472829296e-05,0.00039677299578877543,0.0028055852635966222,1.7917594692280547,0.32939364227810181,1.4747105284489832,0.17477591956152314,1
1479777600,184.71599483735682,42.332943695362459,-71.109408815069784,10.0,3.078599913955947,0.028787942562991383,0.084140351002645844,2.8121797472829296e-05,0.00013104255932491537,0.0067784874146222113,1.8056165767134955,0.27945172480268432,1.8485424138143662,0.18801483583478967,1
1479777630,465.39339700672633,42.333350539809786,-71.107785518695195,10.0,7.756556616778772,0.028443443826377431,0.084140351002645844,0.00012403885178222264,0.0011716163719610985,0.0225916706918525,1.8640435797520258,0.2704129098225948,1.4968458391017305,0.25540548337308072,1
1479777660,528.5546596784341,42.333873374892711,-71.10548948922299,10.0,8.809244327973902,0.012167055227268181,0.035096312788803576,0.00029575163460869195,0.0016096540810349974,0.014375148254925016,1.6609474332869181,0.26565632912306519,1.4076881199955451,0.29525043124416511,1
1479777690,414.5369423329647,42.334574982796184,-71.103671351048263,10.0,6.908949038882745,0.0072188985295827341,0.017445241094107583,4.4532835397334168e-05,0.00037267919182424345,0.0086078323786473419,1.8842428460867393,0.23477071131401056,1.3937734991468198,0.28678557416136824,1
1479777720,276.1422793181031,42.335285365853771,-71.101691851458611,10.0,4.602371321968385,0.0092076570977527965,0.023508171668889421,4.4532835397334168e-05,0.00016145119412033554,0.009395449338170412,1.8842428460867393,0.23645090264359356,1.4436163194981415,0.32144519150828471,1
1479777750,290.8846218944309,42.335713880874536,-71.100406577411192,10.0,4.848077031573848,0.0084733194484288583,0.023508171668889421,0.00014876711258064289,0.00017116625831936768,0.0046175637656325937,1.6581101035673729,0.17872445538153583,1.6108321386855284,0.52757730434454875,1
1479777780,550.1245809018623,42.336471443569614,-71.09851876466638,10.0,9.168743015031037,0.017360621515131645,0.05183580845562151,0.00017017658587248086,0.0016130453741902248,0.013081600235588964,1.7770332013812695,0.17127901496638673,1.8535976725760916,0.65996003959905913,1
1479777810,235.23621814764735,42.337668667121186,-71.096698137066426,10.0,3.9206036357941225,0.017309032663612004,0.05183580845562151,2.226649650977238e-05,0.001464850021723545,0.01935367136517353,1.8562701281920886,0.19555504352201458,0.065628338562632837,0.65432447672508054,1
1479777840,107.04098815970212,42.338464917887315,-71.096691427352923,10.0,1.7840164693283687,0.013329998018158703,0.035126741512086612,2.226649650977238e-05,0.00041886763867481276,0.014000836858224846,1.6581101035673729,0.15934529814349932,-1.7610160515788646,0.64803448241804817,1
1479777870,506.9901816420459,42.339633445294886,-71.095619771695794,10.0,8.449836360700765,0.011700460416392696,0.035126741512086612,0.00038064590822745671,0.00099258619355525402,0.0035679620507012896,1.8675843750169276,0.11891138714521086,0.54506631383288995,0.65176767617369169,1
1479777900,630.4829228930303,42.341645466668858,-71.092894212874668,10.0,10.508048714883838,0.0076298700906434992,0.024838496308263333,0.0012545832592986521,0.0022907904844175564,0.0054321663287136522,1.8056165767134955,0.13030568832946371,2.0230109560432412,0.65756598282840761,1
1479777930,209.64848169460535,42.343086847376405,-71.090854036687972,10.0,3.494141361576756,0.0077888415600054963,0.024838496308263333,0.00043774900199786116,0.0051272371997612256,0.010528969930008993,1.7347645210257754,0.16562732388995646,0.91565847782534349,0.68606247595182335,1
1479777960,82.0480496411802,42.34272838131745,-71.090389226629497,10.0,1.36746749401967,0.0062420622606820146,0.016355863169189189,2.179985076290259e-05,5.4754748014298435e-05,0.0092260979027852276,1.8562701281920884,0.20640718468040559,-1.4088665184053026,0.65567331085288905,1
1479777990,15.263946765157591,42.342034889890222,-71.090552412505346,10.0,0.2543991127526265,0.0055217284068512932,0.016355863169189189,2.179985076290259e-05,5.4754748014298435e-05,0.0032307333056653719,1.8675843750169276,0.21432714723003929,-2.2432151700576157,0.63113909978147653,1
1479778020,4.514181603106164,42.342032745519987,-71.090564813531103,10.0,0.0752363600517694,0.26061088591410553,0.71357121647463728,0.00032073072687757449,0.0026970547795822503,0.16621840828262247,1.6609474332869181,0.75053881897842112,-1.3514673341248269,-0.35966667343877851,1
1479778050,36.120256822100835,42.34191576488535,-71.090635738401772,17.25,0.6020042803683473,0.31961527326517886,0.84418555582011279,0.008408865778262194,0.19282617817275988,0.77220247053037749,1.9459101490553139,-0.57263483008605054,0.66944362758079123,-1.2741320790476827,1
1479778080,59.18067250132457,42.341623791067256,-71.090852891161205,24.75,0.9863445416887429,0.78844817958898961,2.4180889705809299,0.16683076722811052,0.57545671605223192,1.7837564214264232,1.9459101490553139,-2.4298758952487423,1.0006634659531186,-1.0334407728821389,1
1479778110,34.21698447709274,42.341266235841765,-71.091068220856684,25.0,0.5702830746182123,0.63923313463247666,2.4180889705809299,0.44796504474523591,1.1369080715093887,1.8902866871185253,1.791759469228055,-2.1690033480465165,0.61882164127562811,-0.81880486597072843,1
1479778140,31.466851175270996,42.340902955077915,-71.091077858648347,25.0,0.52444751958785,0.50359846695517019,1.5429921311040178,0.1256033860237129,0.45052086038501005,1.3177356081552318,1.8937882323911377,1.0366742959094899,0.95353483059026145,-0.8249142262636614,1
1479778170,36.91429100174655,42.340547213137476,-71.090920586205172,25.328319816841127,0.6152381833624425,0.41687500829483976,1.3186829953056254,0.1256033860237129,0.47572556804471511,1.1223916040287627,1.8891591637540217,1.962613746128151,1.3999474123043432,-0.7896784589716368,1
1479778200,9.87499914797523,42.34034245930831,-71.090848876229572,51.550831807830143,0.16458331913292049,0.29513553976530382,0.92799498705268735,0.011874623221525696,0.46725152019647725,0.77155957802629405,1.791759469228055,1.1051285043731554,1.5821634120730785,-0.86838806136101787,1
1479778230,6.090997697171968,42.340312894938855,-71.090861179466415,138.72251199098901,0.10151662828619946,0.25083841956992525,0.77682347703298693,0.011874623221525696,0.18006424069190521,0.53712898941763887,1.9459101490553139,1.0807511313276472,0.31466607945806524,-1.2136184336977542,1
1479778260,0.00026906907648690696,42.340312111359431,-71.09086599212398,197.89434462482421,4.484484608115116e-06,0.25826384115869067,0.77682347703298693,0.0017469640299071,0.009333134572831206,0.28092125586923633,1.8891591637540215,0.065004452389777131,-0.17999914611402787,-1.433941668348387,1
1479778290,65.3575278242176,42.340238884810333,-71.090707051160678,156.04330717632453,1.0892921304036267,0.0050183387073362128,0.014600223132984678,0.00012621681330030155,0.00081638908911762901,0.0062940795848433553,1.7480673485460896,-1.6022423104147017,-0.20336472166549635,-1.4827654790107399,1
1479778320,5.886206060144619,42.340065569007514,-71.090330313304776,102.83439407541346,0.09810343433574364,0.0031771395173940523,0.009358999491396406,0.00012621681330030155,0.0028157596031799549,0.0066957262777704602,1.8842428460867393,-1.5607788859806269,-0.19010528743555971,-1.4761761504122117,1
1479778350,8.88701706493228,42.340065184367113,-71.090371417645372,138.13691550447615,0.14811695108220466,0.002966493953727032,0.009358999491396406,0.00054450758599907149,0.0018403015615193745,0.0063323372640633653,1.9361470098309517,-1.5724105944823168,-0.33784901113367827,-1.4219297189932127,1
1479778380,5.085778914247165,42.34011983124261,-71.090302725829389,127.39266500646372,0.08476298190411942,0.013567142475699494,0.037207900369301113,7.5077626100831892e-05,0.0001926401839231441,0.0022097833260067202,1.710560083757924,-1.0122261986654215,0.010829517862340618,-1.0044100941910883,1
1479778410,19.615631659247498,42.340128753134358,-71.09029733712805,86.472189681449137,0.32692719432079165,0.012994807664929383,0.037207900369301113,5.3115011672983945e-05,6.429385205029107e-05,8.7965035647017553e-05,1.8675843750169276,0.46325093178135485,1.8934416137130958,-0.74338774977702493,1
1479778440,5.716946802936844,42.340054470235373,-71.090365114698415,65.0,0.09528244671561407,1.4721249959339119e-05,9.1532283455779306e-05,5.3115011672983945e-05,5.7859075149021415e-05,8.4522243554855389e-05,1.945910149055313,0.65133827399045352,2.4795888502473682,-0.79200947252178255,1
1479778470,0.1380894715377991,42.340041048599112,-71.090375485444582,65.0,0.002301491192296652,1.1173452102624444e-05,8.8920392759449661e-05,5.8630961045008696e-05,6.3812683222911411e-05,8.282040381767805e-05,1.7917594692280547,0.63641092429715385,2.4715916346541134,-0.78555811707584189,1
1479778500,0.008326047076110846,42.340040306770753,-71.090375692195224,65.0,0.0001387674512685141,9.4892859116752625e-06,8.8920392759449661e-05,5.8630961045008696e-05,6.4905840252161011e-05,7.6019603372941879e-05,1.945910149055313,0.63613787490255547,2.4713564749065058,-0.78542381537149597,1
1479778530,0.02475456774381927,42.34004021546933,-71.090375684299659,65.0,0.0004125761290636545,9.1029880919378789e-06,8.8786630382928976e-05,6.0090833904578503e-05,6.5779577826305787e-05,7.6019603372941879e-05,1.945910149055313,0.63581265777995788,2.4710466924125973,-0.78537514849529744,1
1479778560,0.015987494231437315,42.340040152545789,-71.090375594587684,65.0,0.0002664582371906219,1.21853627403254e-05,8.8786630382928976e-05,5.2354285542475461e-05,6.173553385045827e-05,7.8503057729702736e-05,1.7917594692280547,0.63530710523426415,2.4702810983903318,-0.78540743507919031,1
1479778590,0.11246927324666803,42.340040122975502,-71.090375699049957,65.0,0.001874487887444467,9.4532319953293032e-06,8.2441680500671809e-05,5.2354285542475461e-05,6.5308763986417917e-05,7.5056380614158363e-05,1.945910149055313,0.63507450458326076,2.4697720207053342,-0.78543399584850471,1
1479778620,0.03788907547064975,42.340040104688633,-71.090375916963225,65.0,0.0006314845911774958,7.5371195896441796e-06,8.2441680500671809e-05,5.848205638572515e-05,6.5308763986417917e-05,7.5617445518072539e-05,1.945910149055313,0.63501450867905895,2.4695477852014895,-0.78542225544515731,1
1479778650,0.12010142666688704,42.340040103574268,-71.09037570271532,65.0,0.002001690444448117,1.8678052840775392e-05,0.00011479382068049701,5.848205638572515e-05,6.2857270736327276e-05,7.6282565107705272e-05,1.7917594692280547,0.63480443400776154,2.4693286487037183,-0.78536816217767635,1
1479778680,0.008201095115886197,42.340040101687627,-71.090375465939459,65.0,0.00013668491859810327,1.8237597287292774e-05,0.00011479382068049701,5.7707337058562737e-05,6.2034701126877689e-05,7.7369630358006242e-05,1.945910149055313,0.63457950803081264,2.4688805750651297,-0.78536546664051732,1
1479778710,0.0047998459989458475,42.340040089305411,-71.090375429005618,65.0,7.999743331576413e-05,1.3637409269976011e-05,9.5157905248354274e-05,5.4999153742233164e-05,5.9525514726287536e-05,7.7369630358006242e-05,1.945910149055313,0.63443255108142027,2.468540941503476,-0.78535446126591268,1
1479778740,0.15062761211453768,42.340040218319196,-71.090375852541854,65.0,0.0025104602019089613,1.2962105812870097e-05,9.5157905248354274e-05,5.4999153742233164e-05,6.3183743557068843e-05,7.7540635981684274e-05,1.7917594692280547,0.63429361124492267,2.4681543130957535,-0.78532239120418323,1
1479778770,0.12285006678461528,42.340040255221282,-71.090375957894281,65.0,0.0020475011130769213,8.5391557335335017e-06,8.5582981214534057e-05,5.896436093381702e-05,6.6277190215047275e-05,7.7476679261534323e-05,1.945910149055313,0.63426815840653483,2.4673867981878428,-0.78532440398488956,1
1479778800,0.02844296299584483,42.340040177695833,-71.09037560783834,65.0,0.0004740493832640805,1.1065395395442204e-05,8.5582981214534057e-05,5.1867827817190715e-05,5.8404523273382102e-05,7.0264987406597516e-05,1.945910149055313,0.63426452189666216,2.4667086565887959,-0.78528490153423225,1
1479778830,0.030110752509138146,42.340040141375667,-71.090375562235522,65.0,0.0005018458751523024,8.6044755281975642e-06,7.5277979830391971e-05,5.1867827817190715e-05,5.511379023798752e-05,6.776743150364727e-05,1.7917594692280547,0.63418277326746564,2.4660079954062351,-0.78520673646153227,1
1479778860,0.04168294459865005,42.340041231976251,-71.090375676854421,65.0,0.0006947157433108343,7.642731650559937e-06,7.5277979830391971e-05,5.4068524834861712e-05,5.9126556404141717e-05,7.028696921516823e-05,1.945910149055313,0.63410736119703748,2.4657978772674434,-0.78518522765004939,1
1479778890,0.15492979344376775,42.340041629864743,-71.090375674128637,65.0,0.002582163224062796,2.4550050911368837e-05,0.00012110227569899759,5.2606438361004835e-05,5.9126556404141717e-05,8.8343422912428308e-05,1.945910149055313,0.63403394311848571,2.4655933371943033,-0.78518631258290683,1
1479778920,0.04145985287097486,42.340040330217519,-71.090375653536896,65.0,0.000690997547849581,2.3434518611063168e-05,0.00012110227569899759,5.2606438361004835e-05,6.8139413159783505e-05,0.00010075772375211255,1.7917594692280547,0.63394410519606093,2.4651578339285751,-0.78517155311713049,1
1479778950,0.014882255097922313,42.340040128344683,-71.090375610427202,65.0,0.0002480375849653719,1.3083300654701917e-05,8.2181906909699917e-05,4.0215391844063883e-05,5.5715391448928886e-05,7.1066994696907253e-05,1.945910149055313,0.63376892726159195,2.4646565856145943,-0.78520318161766689,1
1479778980,0.026173889879655538,42.340040111533931,-71.090375461682072,65.0,0.000436231497994259,8.8129286131701878e-06,7.2128048440628758e-05,4.0215391844063883e-05,5.365878757325817e-05,5.8791623138833956e-05,1.945910149055313,0.63360181734850229,2.4643433740546672,-0.78522214649120736,1
1479779010,0.010043279293158971,42.340040098784037,-71.090375460415302,65.0,0.00016738798821931618,9.6182836957749612e-06,7.8591695873337123e-05,5.2883270554456011e-05,5.4871607358373586e-05,6.9986160520041517e-05,1.7917594692280547,0.63358299578702892,2.464059988865213,-0.78519644865860272,1
1479779040,0.02445406800855354,42.340040261190438,-71.090375864327171,65.0,0.000407567800142559,9.5751220049826351e-06,7.8591695873337123e-05,5.3090409664687415e-05,5.7361665442213832e-05,7.3442871909313283e-05,1.945910149055313,0.63353742720804951,2.4635072663639526,-0.78522190520888002,1
1479779070,0.09692564962135007,42.340040395656771,-71.090376147762726,65.0,0.001615427493689168,8.5692750458062503e-06,7.7909979329470602e-05,5.1247265353008446e-05,5.6570621960160521e-05,6.747025967236147e-05,1.945910149055313,0.63344661393385082,2.4631413415385759,-0.78524129530596676,1
1479779100,0.05649316020952037,42.34004026624217,-71.090375822920279,65.0,0.0009415526701586728,4.8494462323136035e-06,6.596475485556695e-05,5.1247265353008446e-05,5.9643353657309497e-05,6.4206945630030906e-05,1.7917594692280547,0.63326274061111543,2.4623871456877833,-0.78522222806544351,1
1479779130,0.010099837281539254,42.340040188978911,-71.090375636108689,65.0,0.00016833062135898757,4.9317915884950335e-06,7.2006314533959697e-05,5.4566083269602672e-05,5.9443982176960822e-05,6.2496574557981588e-05,1.945910149055313,0.63304883778181831,2.4614443146929745,-0.78514253420902147,1
1479779160,0.013212618756131741,42.340040160620333,-71.090375568176498,65.0,0.00022021031260219568,5.3518302269081882e-06,7.2006314533959697e-05,5.4566083269602672e-05,5.9620049354246115e-05,6.5895677763002126e-05,1.945910149055313,0.63295706557848452,2.4609722957227453,-0.78512148476556809,1
1479779190,0.01045961229695255,42.340040133166944,-71.090375534136541,65.0,0.0001743268716158758,4.6955389779842366e-06,7.3301182643057723e-05,5.943470754651545e-05,6.2854529540463526e-05,6.9483634705502876e-05,1.7917594692280547,0.63290549216604386,2.460519667016245,-0.78515248926849013,1
1479779220,0.001996110485237871,42.340040106792102,-71.090375484409392,65.0,3.326850808729785e-05,8.4498823368994428e-06,7.3301182643057723e-05,4.9117844091681917e-05,5.7805446924024332e-05,6.9942160913816643e-05,1.945910149055313,0.63280130081907526,2.4601597891660312,-0.78517552285852765,1
1479779250,0.0004355065566263699,42.340040098071903,-71.09037546116231,65.0,7.258442610439498e-06,8.4375248851679434e-06,7.3946678028730681e-05,4.9117844091681917e-05,5.4648692962019515e-05,6.7838745645782474e-05,1.945910149055313,0.63268288385834082,2.4596204944390601,-0.78517030767036999,1
1479779280,0.004273014270495806,42.340040099228425,-71.090375461551076,65.0,7.121690450826343e-05,7.9409157119519951e-06,7.3946678028730681e-05,5.0124068554210021e-05,5.3089023064546657e-05,6.2448183694311345e-05,1.7917594692280547,0.63267960024603642,2.458941971309708,-0.78513120411099357,1
1479779310,0.07239342411965838,42.340042124554664,-71.090374875211339,65.0,0.001206557068660973,8.6070267409393925e-06,6.7074281495178175e-05,4.0414322460389753e-05,5.1094278955652722e-05,6.2575457744619894e-05,1.945910149055313,0.63270434163933287,2.4585363553576287,-0.78512842517186365,1
1479779340,0.2702177097275727,42.340042223312061,-71.090375276717069,65.0,0.004503628495459545,8.8969036042613895e-06,6.8952884025768617e-05,4.0414322460389753e-05,5.9323518582638841e-05,6.6570620577137158e-05,1.945910149055313,0.63269146695225043,2.4581563523269585,-0.78512427301192411,1
1479779370,0.11836478545819197,42.340040814035788,-71.090375913262193,65.0,0.0019727464243031994,7.6956699696092417e-06,6.8952884025768617e-05,4.9280139008960148e-05,5.3770829725014459e-05,6.7392135016507314e-05,1.7917594692280547,0.63254083254572369,2.4578304256895587,-0.78508115108907239,1
1479779400,0.058663407047881706,42.340040291333324,-71.090375804155897,65.0,0.0009777234507980285,3.5984595830582206e-05,0.00015697080950636126,4.9280139008960148e-05,5.3041533029625127e-05,6.126217606946101e-05,1.945910149055313,0.63246044894208531,2.4580287349958172,-0.78509517655727989,1
1479779430,0.4096584691593491,42.340040757420418,-71.090373813761147,65.0,0.006827641152655818,3.423479732020862e-05,0.00015697080950636126,5.3936838579990123e-05,5.4355761321601583e-05,8.0572268859428726e-05,1.945910149055313,0.63230881978272724,2.458094971043606,-0.78516502925638243,1
1479779460,1.0051896391562167,42.340039355295787,-71.090374503866784,65.0,0.016753160652603613,1.0264916033333438e-05,8.275397943126897e-05,5.4187538232130809e-05,5.9643045630812474e-05,7.5710384407560245e-05,1.7917594692280547,0.63182294257976357,2.4578208051187764,-0.78526993405451317,1
1479779490,0.2411458017802374,42.340037592390104,-71.090377205140243,65.0,0.00401909669633729,7.1170227573530417e-06,7.803750971548599e-05,5.4187538232130809e-05,5.9321583457665127e-05,6.6742553754371817e-05,1.945910149055313,0.63145266906390629,2.4575141471199666,-0.78534893748418655,1
1479779520,0.3940736395315441,42.3400373658014,-71.090377646514966,65.0,0.006567893992192402,9.5978694111499436e-06,7.803750971548599e-05,4.3454428921545784e-05,5.949448062173872e-05,6.5774923743100496e-05,1.945910149055313,0.63138488671251991,2.4573044235196959,-0.785348213996795,1
1479779550,0.0,nan,nan,nan,0.0,9.4791026533759308e-06,6.5734602744932868e-05,4.2736348050104713e-05,4.7373120608121345e-05,6.3861817234899372e-05,1.7917594692280547,0.63130155962631473,2.4570708999637465,-0.78526270420927269,1
1479779580,0.0,nan,nan,nan,0.0,9.3486348061319711e-06,7.4644369426415564e-05,4.2736348050104713e-05,5.9884222669231603e-05,6.7261471702795807e-05,1.945910149055313,0.63127215171010698,2.4571193591604961,-0.78519990575906673,1
1479779610,0.0,nan,nan,nan,0.0,6.7146618727049076e-06,8.0956773167116555e-05,5.9147723224982019e-05,6.4458454538196021e-05,7.1935665858650547e-05,1.945910149055313,0.63131919765924738,2.4568154366936357,-0.78521685093570848,1
1479779640,245.45689044956416,42.340270843880504,-71.09091426609362,1238.1845749020574,4.0909481741594025,8.2772844610737086e-06,8.0956773167116555e-05,5.3672784557594764e-05,6.1778898523805073e-05,6.7887043393136966e-05,1.7917594692280547,0.63127718981950587,2.4559285276655185,-0.78522934018993873,1
1479779670,245.63642987814168,42.340143900157599,-71.090611071993138,586.41536662313661,4.093940497969028,8.9524406967946934e-06,7.0305992308956737e-05,4.1732293072867772e-05,5.3789445714256487e-05,6.4569641902946756e-05,1.945910149055313,0.63129964416156403,2.4554675010247928,-0.78519054494134277,1
1479779700,0.5197313559128858,42.340044840156821,-71.090368541876188,65.0,0.008662189265214762,7.7827893259703732e-06,7.0305992308956737e-05,4.1732293072867772e-05,5.5054493609652018e-05,5.8418830245116128e-05,1.945910149055313,0.63129585753718942,2.4554784698170602,-0.78517331121706035,1
1479779730,0.22506638277159396,42.340046354819314,-71.090369334442769,65.0,0.003751106379526566,6.8695526569337315e-06,7.4634846574085713e-05,5.4614953392648265e-05,5.6563314094987257e-05,6.3347270191187229e-05,1.7917594692280547,0.63127147582740839,2.455463714152573,-0.785155434670604,1
1479779760,0.1735743389890847,42.340043466060493,-71.090371422331486,65.0,0.002892905649818078,6.0865305282348338e-06,7.4634846574085713e-05,5.4614953392648265e-05,6.0016347786850577e-05,6.5996454195963849e-05,1.945910149055313,0.63126914782228205,2.45519130863741,-0.78516856017839587,1
1479779790,0.03891740756850572,42.340044191725028,-71.090371262707052,65.0,0.0006486234594750954,5.0186484266589364e-06,7.2411372465486712e-05,5.7037862617577909e-05,6.0201304412558422e-05,6.620305433868232e-05,1.945910149055313,0.63123493166908451,2.4548294707904845,-0.78515521423380363,1
1479779820,0.2069618836104214,42.340046107860061,-71.090369515076006,65.0,0.0034493647268403565,5.3763680388712236e-06,7.2411372465486712e-05,5.7407775868993612e-05,5.803184601929897e-05,6.4809724751814019e-05,1.7917594692280547,0.63111749816045126,2.4542676165467712,-0.78512822629307777,1
1479779850,0.4000965350000338,42.340045497922446,-71.090369244912736,65.0,0.006668275583333896,6.5741388029070937e-06,6.5243672122928926e-05,4.3454704967875675e-05,5.8487520646109231e-05,6.1919969678533583e-05,1.945910149055313,0.63110695583057652,2.4538217703538314,-0.78518540918976065,1
1479779880,0.05468079371780875,42.340044089570604,-71.090369438116738,65.0,0.0009113465619634792,7.8847383420675471e-06,6.7108290076266835e-05,4.3454704967875675e-05,5.2753538704170649e-05,6.4094467253332068e-05,1.945910149055313,0.6311875229503926,2.4538076051798958,-0.78520518234420356,1
1479779910,0.08880892315957492,42.340043454320259,-71.090370889351718,65.0,0.0014801487193262487,8.041335858053235e-06,7.0731306603510278e-05,4.9496182109137681e-05,5.2117144878268361e-05,6.5995935675768847e-05,1.7917594692280547,0.6311492901869199,2.4538994486693801,-0.78515515974137395,1
1479779940,0.1403973805195236,42.340043431835291,-71.090372571923524,65.0,0.00233995634199206,7.3407086579180196e-06,7.1411271056800226e-05,4.9496182109137681e-05,5.7404838974951355e-05,6.7875844671698738e-05,1.945910149055313,0.63106960838589465,2.4535335553280531,-0.78512341961078824,1
1479779970,0.0616129682867438,42.340043546449813,-71.090373169105561,65.0,0.0010268828047790633,5.1156086383041958e-06,7.1411271056800226e-05,5.5944818379868523e-05,5.9549788635070038e-05,6.691362871265018e-05,1.945910149055313,0.63115288384188173,2.453162925882133,-0.78512871848043975,1
1479780000,0.5727968573106655,42.340043656847037,-71.090370516826837,65.0,0.009546614288511092,1.138040455000155e-05,9.1246926505803041e-05,5.6012290537204218e-05,6.0753597153352637e-05,6.8573097656956112e-05,1.7917594692280547,0.63114726085645523,2.4529829521059834,-0.78514809738357672,1
1479780030,0.3579514263386518,42.340045393474838,-71.090369742950429,65.0,0.005965857105644196,1.2448546264014412e-05,9.1246926505803041e-05,5.2959458421024704e-05,5.5122551234990317e-05,6.7340844659921802e-05,1.945910149055313,0.63098360201066173,2.4530191225480946,-0.7851852795725961,1
1479780060,0.27947255066016624,42.340045751312068,-71.090371851136595,65.0,0.004657875844336104,4.9089110322733544e-06,6.6809922748258611e-05,5.0624207491376953e-05,5.3596135176900563e-05,5.8716534200862112e-05,1.945910149055313,0.63092620953102607,2.4529942938305029,-0.78519230155645292,1
1479780090,0.013903867958655567,42.34004535260879,-71.090372160396797,65.0,0.00023173113264425945,1.1015839718103457e-05,8.4348249148773755e-05,5.0624207491376953e-05,5.4405835510637e-05,6.0369142702717052e-05,1.7917594692280547,0.6309015274892581,2.452789920847152,-0.78519932078919419,1
1479780120,0.04218248617632919,42.340045931914617,-71.090372099111093,65.0,0.0007030414362721532,1.0241395517621673e-05,8.4348249148773755e-05,5.2512416624705704e-05,5.7156568750121584e-05,7.0352557145879094e-05,1.945910149055313,0.63083523413858289,2.4518145638706557,-0.78521417726155696,1
1479780150,0.04078920922636382,42.340045679344378,-71.090372252828104,65.0,0.0006798201537727304,7.4008877774771817e-06,7.0728473178120592e-05,5.092646220437294e-05,5.514280015931925e-05,6.7613139612964721e-05,1.945910149055313,0.63076603799200104,2.4510249475793118,-0.78519585086672727,1
1479780180,0.3907902150646578,42.340044669906419,-71.090371321409705,65.0,0.00651317025107763,5.8805453031526688e-06,6.8117187439560087e-05,5.092646220437294e-05,5.7202601606917195e-05,6.4544334776246842e-05,1.7917594692280547,0.63079580890308351,2.4506926982189001,-0.78513882402597013,1
1479780210,0.022018687326607167,42.340043499542602,-71.09037115269409,65.0,0.00036697812211011944,8.7664037210200551e-06,7.9336149342098422e-05,5.3028928514283643e-05,5.5909172986126491e-05,6.7345508874651577e-05,1.945910149055313,0.63077760879924849,2.4506630295543883,-0.7851311632610255,1
1479780240,0.1320031266448971,42.340043456882157,-71.090372616855021,65.0,0.002200052110748285,1.0111006684963247e-05,7.9336149342098422e-05,4.3449393946005703e-05,5.4415536405541912e-05,6.0897655391611868e-05,1.945910149055313,0.63071224198306786,2.4507735345524657,-0.78510278277125678,1
1479780270,0.46900745846435027,42.340043639488627,-71.090372086054998,65.0,0.007816790974405838,1.2628948777347879e-05,8.0159165233171793e-05,4.3449393946005703e-05,6.0795025141422245e-05,7.5704350119898831e-05,1.7917594692280547,0.63065677966233336,2.4508770998823635,-0.78512033847231499,1
1479780300,0.5250550502018904,42.340043639588416,-71.090370706156207,65.0,0.00875091750336484,1.1027717972600993e-05,8.0159165233171793e-05,5.0021317503232189e-05,5.7690317094161121e-05,7.416067232874916e-05,1.945910149055313,0.63057674592611035,2.4500409191341412,-0.78511351450916089,1
1479780330,0.03658429949987837,42.3400436236467,-71.090369827828098,65.0,0.0006097383249979728,6.8223008357100826e-06,6.8327700200218754e-05,5.0021317503232189e-05,5.4588509725990691e-05,6.6141269418759603e-05,1.945910149055313,0.6305802965752576,2.4493801676009217,-0.78508827421676541,1
1479780360,0.3889135034017544,42.340043535254019,-71.09037037294776,65.0,0.006481891723362573,6.2090655180224718e-06,6.7515197974875378e-05,4.9037007209022738e-05,5.701809504377335e-05,6.4614212066758619e-05,1.7917594692280547,0.63055370895892005,2.4493209257899617,-0.78511478172841631,1
1479780390,0.11514417669944557,42.34004328883735,-71.090372352600369,65.0,0.0019190696116574261,5.731945952623866e-06,6.6370209599258417e-05,4.9037007209022738e-05,5.3320600068638901e-05,6.1164324369974632e-05,1.945910149055313,0.63052438418632961,2.4491559596895973,-0.78510984877809165,1
1479780420,0.0037590077574921224,42.340043234901096,-71.090372539068298,65.0,6.265012929153537e-05,7.2857428989366024e-06,7.1403728564269699e-05,5.3224105981682683e-05,5.5281011547177482e-05,6.8801346900154036e-05,1.945910149055313,0.63056013293287305,2.4490910336215754,-0.78509807095717143,1
1479780450,0.0101601239285651,42.340043222657286,-71.090372543966922,65.0,0.00016933539880941833,7.2549645844527572e-06,7.1403728564269699e-05,5.3666343848968881e-05,5.7475786698409332e-05,6.9169159724606508e-05,1.7917594692280547,0.63052708293367465,2.4491676929550299,-0.78509929606354412,1
1479780480,0.002265583377219624,42.340043219232776,-71.090372549343314,65.0,3.77597229536604e-05,6.94125401977667e-06,7.4656459170387352e-05,5.3666343848968881e-05,5.599303133484698e-05,6.4636602639503345e-05,1.945910149055313,0.63045818509430174,2.4491548870335884,-0.78514926708723187,1
1479780510,0.001817749048523439,42.340043207417416,-71.090372538135853,65.0,3.029581747539065e-05,6.2484879390585503e-06,7.4775720936638826e-05,5.7787935682442965e-05,6.1054006961133928e-05,7.1274060212455704e-05,1.945910149055313,0.63045581185251209,2.449117904937737,-0.7851514533042111,1
1479780540,0.031507335427430706,42.340043390639735,-71.090372934606606,65.0,0.0005251222571238452,1.0291511003998632e-05,7.4775720936638826e-05,4.1582135350946464e-05,6.0482634997382849e-05,6.7449045641727022e-05,1.7917594692280547,0.63047648422091973,2.4489210258590099,-0.78506121313115396,1
1479780570,0.35749092918612696,42.340042619837192,-71.090373754117351,65.0,0.005958182153102116,8.1120085352941955e-06,6.8108882350546054e-05,4.1582135350946464e-05,5.773121640221898e-05,6.4173621743002376e-05,1.945910149055313,0.63041799538254806,2.4484762243440841,-0.78500798519956916,1
1479780600,0.09501841816917285,42.340042107480038,-71.090373754579389,65.0,0.0015836403028195475,4.1306987085514346e-06,6.8108882350546054e-05,5.5261200502458832e-05,5.9616201438073558e-05,6.529675867500309e-05,1.945910149055313,0.63039753706113355,2.4477818112375727,-0.78506455346197768,1
1479780630,0.07252896923037748,42.34004315607217,-71.090372995238994,65.0,0.0012088161538396246,6.1551848997386834e-06,7.3417141966999454e-05,5.4436862835254822e-05,5.8672642009942093e-05,6.4556045202539326e-05,1.7917594692280547,0.63045739145288138,2.4471045812532184,-0.78506969708962926,1
1479780660,0.01459334945583362,42.340043420103839,-71.090372848569245,65.0,0.00024322249093056033,8.5811974264073736e-06,7.3417141966999454e-05,4.4972486464098512e-05,5.1749641175802287e-05,6.0889245967050011e-05,1.945910149055313,0.63021809562922793,2.4463663154974591,-0.78505048609842176,1
1479780690,0.023118681001097968,42.340043279842241,-71.090372632438658,65.0,0.00038531135001829944,5.6165702059004493e-06,6.1366346427889232e-05,4.4972486464098512e-05,4.925012648412497e-05,5.6851385520100159e-05,1.945910149055313,0.62991661072921212,2.4456517379938729,-0.78508790715102594,1
1479780720,0.4191837493019427,42.340043296882584,-71.090372031717962,65.0,0.006986395821699045,4.4507501770406836e-06,6.1190883654590339e-05,4.8682988115382572e-05,4.9866753159695987e-05,5.6298768961983046e-05,1.7917594692280547,0.62947567151335648,2.445665276016173,-0.78512732036085275,1
1479780750,0.5111251245870048,42.340043527269408,-71.090369755079521,65.0,0.00851875207645008,6.1118374062066227e-06,6.872599361286541e-05,4.8682988115382572e-05,5.5442605715186615e-05,6.2291653484619272e-05,1.945910149055313,0.62901300547141337,2.4457851520210041,-0.78516598619528177,1
1479780780,0.405318463106121,42.340043424130997,-71.090370678905828,65.0,0.006755307718435351,7.2021403447761743e-06,6.9469118376746307e-05,4.8934896687243503e-05,5.7323660612185031e-05,6.7520890200200315e-05,1.945910149055313,0.62887319365254324,2.445364049547714,-0.78518091779646304,1
1479780810,0.39460683688540155,42.340043425511816,-71.090370634208512,65.0,0.0065767806147566926,1.0575289232942029e-05,7.3401913876610208e-05,4.4483220761285189e-05,5.1852601736294999e-05,6.8680785479443532e-05,1.7917594692280547,0.62876330788893997,2.4446477849216302,-0.785179326094542,1
1479780840,0.5211657072867847,42.340043519139435,-71.090370885665777,65.0,0.008686095121446412,9.485476880344712e-06,7.3401913876610208e-05,4.4483220761285189e-05,4.6764185620899044e-05,5.9054452769281791e-05,1.945910149055313,0.62861673311125599,2.4441896254155999,-0.78517668687212405,1
1479780870,0.14871186587063454,42.34004338875026,-71.090372670603642,65.0,0.0024785310978439087,9.6511161782715823e-06,7.1485002884708217e-05,4.4984703875176177e-05,5.1207191870640726e-05,6.7932991408854601e-05,1.945910149055313,0.62852687090419135,2.4437654960418627,-0.78515937395101632,1
1479780900,0.026264877011243304,42.340043347582565,-71.090372855966621,65.0,0.0004377479501873884,5.7387516281032579e-06,7.1485002884708217e-05,5.4732736016711551e-05,6.1111462035874355e-05,6.8469482753582089e-05,1.7917594692280547,0.62847904091043649,2.4430357285610387,-0.78512825929975427,1
1479780930,0.03377624945390928,42.340043310129424,-71.090372754444999,65.0,0.000562937490898488,1.021225642686967e-05,6.9668251338730723e-05,3.7054614662662065e-05,5.0228963241922166e-05,6.2749458197438614e-05,1.945910149055313,0.62849427516677225,2.4421242257812303,-0.78517976272403811,1
1479780960,0.004027339387154568,42.340043269295926,-71.090372646632559,65.0,6.71223231192428e-05,1.45035541974948e-05,8.237558482400713e-05,3.7054614662662065e-05,5.0228963241922166e-05,7.1059651655336001e-05,1.945910149055313,0.62850378991690037,2.4416239706097644,-0.78516788258535264,1
1479780990,0.006258925925529428,42.340043243836895,-71.090372598007207,65.0,0.00010431543209215713,7.7662885017583717e-06,8.237558482400713e-05,6.0541934444454319e-05,6.1776105625928454e-05,7.038178400737042e-05,1.7917594692280547,0.62844376296232107,2.4411812312480152,-0.78507360928945902,1
1479781020,0.45455943177804725,42.340041942283698,-71.090371517600062,65.0,0.007575990529634121,4.7625656953472298e-06,7.1961106671808916e-05,5.7266264887539715e-05,6.2261873784712627e-05,6.9063009406928483e-05,1.945910149055313,0.62837430137330486,2.4407374459668154,-0.78512945609944895,1
1479781050,0.04630671881345947,42.340041698172612,-71.090369934510377,65.0,0.0007717786468909912,7.1241936093686359e-06,7.1961106671808916e-05,5.2822526118644151e-05,5.6389698821346769e-05,6.9063009406928483e-05,1.945910149055313,0.62838472737496176,2.4408916003053833,-0.78518006814194496,1
1479781080,0.5153419951311841,42.34004299695178,-71.090371114464233,65.0,0.008589033252186401,5.5596897058720167e-06,6.5988216360574699e-05,5.1690609583886259e-05,5.2499044602912008e-05,6.1106052160279426e-05,1.7917594692280547,0.62840613886912966,2.4413037279800633,-0.78517494590983195,1
1479781110,0.0038436027292508574,42.34004329455982,-71.090371505063686,65.0,6.406004548751429e-05,1.1466549158146589e-05,7.6239395753915288e-05,3.9290628523764954e-05,4.9259327676056032e-05,6.3596508972882157e-05,1.945910149055313,0.62828687920563742,2.4408438456193728,-0.78512816799939222,1
1479781140,0.11688716758296466,42.340043457823612,-71.090371716959311,65.0,0.0019481194597160778,1.1109539436581026e-05,7.6239395753915288e-05,3.9290628523764954e-05,4.9681468083092144e-05,6.0635528696449235e-05,1.945910149055313,0.62796207482997668,2.4399937079139518,-0.78506425494020193,1
1479781170,0.566555393389252,42.340043729509048,-71.090370683002689,65.0,0.009442589889820866,7.2546067730147899e-06,7.3376107721771278e-05,5.2534890397958491e-05,5.3053721313740828e-05,5.6567448420024653e-05,1.7917594692280547,0.62762367785568818,2.4393032643561532,-0.78494639005347067,1
1479781200,0.14431122730326504,42.340043818787777,-71.090368343096884,65.0,0.0024051871217210838,9.4028067486543773e-06,7.3736701080168203e-05,4.9244801605419173e-05,5.291993781501072e-05,6.7957593975844584e-05,1.945910149055313,0.6276062582108981,2.4393366429449057,-0.7848485600982088,1
1479781230,0.42780299477074973,42.340043671436355,-71.090369052729145,65.0,0.007130049912845829,9.5942383261657922e-06,7.6392684537271658e-05,4.9244801605419173e-05,5.4557568387587342e-05,6.8137890655043046e-05,1.945910149055313,0.62759903353629498,2.43947086196347,-0.78484692009221479,1
1479781260,0.41704835556467235,42.340043529047072,-71.090370182997887,65.0,0.006950805926077872,9.898861445489768e-06,7.6392684537271658e-05,4.5413384454789531e-05,5.2545871908439592e-05,6.3350262627468324e-05,1.7917594692280547,0.62750848715150254,2.4392968342469854,-0.7848032300030966,1
1479781290,0.20377428301210296,42.340045639123026,-71.090370141510263,65.0,0.003396238050201716,6.2377278763771053e-06,6.4647594060576779e-05,4.5413384454789531e-05,5.3055886089785157e-05,6.0896889230779473e-05,1.945910149055313,0.6274224300118284,2.4389008602467115,-0.78483396673804773,1
1479781320,0.47224643457514953,42.340047108210833,-71.090368827366078,65.0,0.007870773909585826,5.8588663687046085e-06,7.043716220009628e-05,5.4115227898219955e-05,5.7521380206955309e-05,6.5472067146918382e-05,1.945910149055313,0.62749512569273658,2.4388056068849413,-0.78481751934148425,1
1479781350,0.14860735801058736,42.340044355071775,-71.090369304312333,65.0,0.002476789300176456,8.0907028446209269e-06,7.043716220009628e-05,4.8242755033738063e-05,5.4382918883641216e-05,6.6965742079847109e-05,1.7917594692280547,0.62758427907234904,2.4386845849381165,-0.7847594387116118,1
1479781380,0.10592430580088173,42.340043481538935,-71.090370516858897,65.0,0.0017654050966813622,7.6943478318855642e-06,7.1354394999015547e-05,4.8242755033738063e-05,5.1386731655320882e-05,6.2131396711582928e-05,1.945910149055313,0.62752754242586151,2.4380422138212627,-0.78485609333573425,1
1479781410,0.0033885824364290403,42.340043515371448,-71.09036985797519,65.0,5.6476373940484005e-05,9.1226610024041149e-06,7.8170214936680371e-05,5.091188658019492e-05,5.6046649525466857e-05,6.8036963503497158e-05,1.945910149055313,0.62745161269317762,2.4375468898523427,-0.78487656736485523,1
1479781440,0.024742159837621135,42.340043680875162,-71.09037024901815,65.0,0.0004123693306270189,8.4169158874329088e-06,7.8170214936680371e-05,5.4708815251840156e-05,6.119078882662559e-05,7.3476688613644838e-05,1.7917594692280547,0.62748244020754773,2.4372396645972216,-0.78488496728646628,1
1479781470,0.03212638752477239,42.34004376159146,-71.090371011135318,65.0,0.0005354397920795398,8.1781378839379966e-06,7.6512244469219298e-05,4.8135473244163915e-05,5.6024711852363531e-05,6.2648549545374132e-05,1.945910149055313,0.62747320570918041,2.4372720756698314,-0.78482461120177571,1
1479781500,0.08308279640564915,42.340043581447098,-71.090371242493418,65.0,0.0013847132734274858,4.8443716228134247e-06,6.1229110745706516e-05,4.8135473244163915e-05,5.1773563714208288e-05,5.9639093926925729e-05,1.945910149055313,0.62741574696280999,2.4372331691085343,-0.7847872866190253,1
1479781530,0.1768019391709522,42.340044065720271,-71.090372228506368,65.0,0.0029466989861825364,5.8946450566573732e-06,6.0579249986178538e-05,4.0821688032803211e-05,4.9561397659738487e-05,5.3322609654092497e-05,1.7917594692280547,0.62743622421860545,2.4369864366434766,-0.78486634595623173,1
1479781560,1.294675174183473,42.340044913169756,-71.090368969704897,65.0,0.02157791956972455,1.1611481421427987e-05,7.3290387149923229e-05,4.0821688032803211e-05,5.044732348503711e-05,6.9726860306283504e-05,1.945910149055313,0.62751390356374281,2.4365872433464228,-0.78485893718231226,1
1479781590,1.0258594250148698,42.340043047909433,-71.090366219879854,65.0,0.017097657083581165,8.0942982381485216e-06,7.3290387149923229e-05,5.3470482483597428e-05,5.5030288340413984e-05,7.0193692577572478e-05,1.945910149055313,0.62752808883782107,2.4363947278096356,-0.78485383800855879,1
1479781620,0.17498228701308402,42.340038866278078,-71.090366200202538,65.0,0.002916371450218067,1.2586014121788734e-05,8.9632595931579445e-05,5.3470726071470418e-05,5.4572162545178901e-05,6.822261919308847e-05,1.7917594692280547,0.62745988223084903,2.4363264690744333,-0.78489691390874305,1
1479781650,0.41147373068444887,42.340037336831877,-71.090366949498346,65.0,0.006857895511407481,1.5267596716793255e-05,8.9632595931579445e-05,3.7714007612591105e-05,5.1184442737275745e-05,6.6458644956090751e-05,1.945910149055313,0.62733070004135738,2.4356823409162098,-0.784896956327094,1
1479781680,0.5623872621780229,42.340039601106653,-71.090369255155423,65.0,0.009373121036300383,9.2138031046696533e-06,6.7436291785858885e-05,3.7714007612591105e-05,4.6646023346666275e-05,5.858199517504384e-05,1.945910149055313,0.62705760683966527,2.4351615191430858,-0.78488228739862753,1
1479781710,0.1524118086593879,42.340042701476399,-71.090372073877717,65.0,0.002540196810989798,9.268154064938365e-06,6.5360154965850059e-05,4.0782692317475758e-05,4.6269059436499654e-05,6.2464382793004722e-05,1.7917594692280547,0.62688589893350688,2.4346930375164164,-0.78486334702338778,1
1479781740,0.2211277180517982,42.340043321047737,-71.090371083776418,65.0,0.00368546196752997,9.9280070018831605e-06,7.0544855462595558e-05,4.0782692317475758e-05,4.9353754630212444e-05,6.45794433853372e-05,1.945910149055313,0.62652674739323266,2.4345956408059686,-0.78553577877651826,1
1479781770,0.3201628086124213,42.340044722710225,-71.090370274101673,65.0,0.005336046810207022,1.0859627817714542e-05,7.7769821399683263e-05,4.8337346116545182e-05,5.044128993483268e-05,6.1857083948867268e-05,1.945910149055313,0.61348583349960784,2.4325045604349929,-0.78708275552291618,1
1479781800,0.24142004390483698,42.340045787626117,-71.090373474258584,65.0,0.00402366739841395,1.1739915240684658e-05,7.7769821399683263e-05,3.8844725091970091e-05,5.0635149252602938e-05,5.4946454551973683e-05,1.7917594692280547,0.57510697565932467,2.4206101158950633,-0.78596490530941665,1
1479781830,0.31314664776835693,42.34004574721974,-71.090374413011816,65.0,0.005219110796139282,1.0028607147164487e-05,7.2675983426151011e-05,3.8844725091970091e-05,5.3750486104946584e-05,6.3277184580103234e-05,1.945910149055313,0.55364536874145809,2.4113553601893116,-0.78345526405024757,1
1479781860,0.6709756337138852,42.340047993778981,-71.090375036758644,65.0,0.011182927228564754,9.1777134215720188e-06,7.2675983426151011e-05,4.666664664721014e-05,4.8821176473863909e-05,6.3277184580103234e-05,1.945910149055313,0.5535143946430704,2.410881744350156,-0.78338488864570033,1
1479781890,0.48944706917912884,42.340050881336474,-71.09037856785271,65.0,0.00815745115298548,6.9081531596400048e-06,6.4928882739378121e-05,4.4902967443311576e-05,4.6914022657346694e-05,5.4668383183391727e-05,1.7917594692280547,0.55333894149924279,2.4105804958734036,-0.78338535970265888,1
1479781920,0.08231136425429397,42.340050594448378,-71.090379397610192,65.0,0.0013718560709048996,1.0638512870868249e-05,6.4928882739378121e-05,3.1583528825093598e-05,4.6049933391439476e-05,5.9589162369439903e-05,1.945910149055313,0.55331428277513994,2.4103062416224814,-0.78347281360591681,1
1479781950,0.08226720964125303,42.340050569071551,-71.090379495895434,65.0,0.0013711201606875505,1.1540185452767954e-05,7.024019993911441e-05,3.1583528825093598e-05,4.9222110407731389e-05,6.1225197601122379e-05,1.945910149055313,0.5532908752819814,2.4100358329286959,-0.7834673432909528,1
1479781980,0.08733010601950504,42.340051469007442,-71.090379653726103,65.0,0.0014555017669917506,7.3855155678825051e-06,7.024019993911441e-05,4.8391941649690952e-05,5.2295126910390386e-05,6.1748112134080916e-05,1.7917594692280547,0.55323496751149581,2.4101351799984214,-0.78340838555819037,1
1479782010,0.171363537188446,42.340051291527566,-71.090377460158535,65.0,0.0028560589531407667,6.8202170134264609e-06,6.2497089305031192e-05,4.0910664871130848e-05,4.8665166042080952e-05,5.804496910233686e-05,1.945910149055313,0.55320708868358404,2.4102215901371187,-0.78334716578801633,1
1479782040,0.6972490552601798,42.340051045507124,-71.090377990153513,65.0,0.011620817587669663,1.264294748991971e-05,8.3355826421934362e-05,4.0910664871130848e-05,4.8291092753765852e-05,5.9444137131598241e-05,1.945910149055313,0.55224073493650094,2.4106086036248859,-0.78640603850439106,1
1479782070,0.09657110006439448,42.340052116536029,-71.090379761757191,69.188737155634598,0.0016095183344065748,8.1742976028574698e-05,0.00026214101178541837,2.5986113834380099e-05,3.3108443395113386e-05,7.7574064360258537e-05,1.7917594692280547,1.3166195250721706,1.7713297460394652,-0.43089603366411722,1
1479782100,0.3397489494062437,42.340053390870068,-71.090380904298769,79.015417547226505,0.005662482490104062,0.094832176551995648,0.26154301950846048,2.5986113834380099e-05,5.942391916480896e-05,0.066731038683430555,1.8056165767134955,1.327987777402116,0.21682222253489356,-0.77233968335717507,1
1479782130,1.4131366230800706,42.340055378195764,-71.090388976699899,90.961440739796714,0.02355227705133451,0.094036336834976642,0.26154301950846048,3.6374701469557456e-05,0.00074426488250372951,0.069327162377063836,1.7770332013812697,1.3911548150717385,-0.7938683959834012,-1.3499609346509476,1
1479782160,4.293208943387631,42.34005583398455,-71.090388148653162,101.18046919259781,0.07155348238979385,0.0063522924453547954,0.018250775275879445,3.6374701469557456e-05,0.0011164117619571544,0.0075845152150418949,1.6581101035673731,2.1172192833325503,-0.76118909625571496,-1.4078602121475268,1
1479782190,0.3622643582882122,42.340052179329206,-71.090381505037101,95.802261613552844,0.006037739304803536,0.0061384374359359315,0.018250775275879445,4.3302856108631896e-05,8.963089830775012e-05,0.0026966438519236005,1.8675843750169276,0.90053597812180086,-0.35892479036969122,-0.61556055458195935,1
1479782220,0.9252518452082616,42.340051031955738,-71.090382167270192,90.727331712411171,0.01542086408680436,0.0028877050178330332,0.0085919397624038031,4.3302856108631896e-05,7.6304283701217459e-05,0.0013043185535015077,1.8675843750169279,-0.035177728443253557,-0.28287277970556401,-0.034515100335091142,1
1479782250,0.9698196013055842,42.340057110451241,-71.090395961010898,107.54138019410237,0.016163660021759736,0.0030757306355035036,0.0085919397624038031,5.2868369343989376e-05,7.5411426388228084e-05,0.0010956432602860077,1.7105600837579242,-0.21033182486202365,-0.36322074676055643,-0.051491021950799166,1
1479782280,0.09839775057277224,42.340057940636513,-71.090397580213207,108.41847069485337,0.001639962509546204,0.0012834320956781309,0.003769161942832425,5.2868369343989376e-05,8.2121943900270535e-05,0.0011613866856154096,1.945910149055313,0.22203329094467256,-1.1131437900439958,-0.46140737063937631,1
1479782310,0.11652488920435673,42.340053678507203,-71.090384893480945,117.34879623762257,0.0019420814867392789,0.0039758347847329064,0.011932312679363798,8.3607817317932545e-05,0.00019484259987877066,0.0044900506161625209,1.8842428460867393,0.90125629378342587,-1.0478174708497197,-1.0199156575993686,1
1479782340,0.4717704153378816,42.340056868434303,-71.090383898418736,117.47863967171438,0.007862840255631361,0.12213462979473284,0.3416438721370606,0.00024709432420794142,0.0068912826369604127,0.090963757605824813,1.7328679513998633,1.3935427859555327,-0.52070497824582163,-1.3697136854667284,1
1479782370,0.37978804451915005,42.340063136012532,-71.090397869953591,85.613510272726117,0.006329800741985834,0.48925488762320779,1.4763426891768543,0.00057652027662613028,0.011933912961030333,0.3666450551204477,1.8891591637540215,0.89263329792205037,-0.60958410147048869,-1.1630197129514763,1
1479782400,0.5718777380613248,42.340060795275647,-71.090400231103999,78.643355439406704,0.009531295634355414,0.51042372641155498,1.4763426891768543,7.1423156860363861e-05,0.0011420045927450781,0.20380247932007534,1.7770332013812695,0.20491375946995266,-1.09063735168729,-0.60528485067040716,1
1479782430,1.1868692863784827,42.340061376074168,-71.090397477002185,106.10007922335717,0.01978115477297471,0.0056346146406126363,0.015958720536315866,6.0602304257640141e-06,0.00016466223132864644,0.0026941298125576279,1.7105600837579242,-0.088529742499997122,-1.7281064846761316,0.0041363284505258587,1
1479782460,0.011091780794539067,42.340062463515729,-71.090396280098375,102.0217529843021,0.0001848630132423178,0.0012924629038484885,0.0032736163815816665,6.0602304257640141e-06,0.00013478874826700985,0.0023407711561687591,1.945910149055313,-0.012720550198084725,-1.7562921716057087,0.081544326778051027,1
1479782490,0.18799692363063472,42.340059092221537,-71.09039067392888,71.675846301611401,0.0031332820605105786,0.0011500667154292223,0.0032736163815816665,6.4254028464098664e-06,6.8527786016504911e-05,0.0011767643208522945,1.945910149055313,-0.0068926231094280513,-1.7609339858982671,0.083025987101411208,1
1479782520,0.2941975317900691,42.340062041463092,-71.090391884618469,65.0,0.004903292196501151,0.0013446280344430349,0.0035365608831795627,6.4254028464098664e-06,8.259165282601896e-05,0.0018242813217653165,1.7917594692280547,-0.0016920741087242932,-1.7604661330894651,0.084475014549762417,1
1479782550,0.5040738436770402,42.340060932914973,-71.090390234312864,72.596237275110354,0.008401230727950671,0.0013951264911512291,0.0035365608831795627,1.3357307841989304e-05,0.00013446222868441525,0.0027453975624110874,1.945910149055313,-0.0014936425715506457,-1.7640778759012072,0.083321250137699004,1
1479782580,5.272519329650737,42.340059733850467,-71.090392503771866,73.355861002621396,0.08787532216084562,0.0011397795859788261,0.0028317125747741494,1.3357307841989304e-05,0.00010446700609126789,0.0019018980607298859,1.945910149055313,-0.0025890285140082619,-1.7684156467696128,0.082862610285364457,1
1479782610,0.8198410319716654,42.340065417152772,-71.090404776675911,65.0,0.013664017199527756,0.00045427047193999083,0.0011447135714117457,1.3917486381445406e-05,0.00010985545722780535,0.00097368141278393692,1.7917594692280547,0.0094572588308977027,-1.7734642067426201,0.085627105773377246,1
1479782640,5.262928927114148,42.340070182684123,-71.090413749824322,65.0,0.08771548211856912,0.00099311852804158992,0.0029568013783486244,1.8497049458059768e-05,0.00089341140264521403,0.0021848051325621277,1.945910149055313,0.040489782512018756,-1.7574303725726856,0.092327191337229358,1
1479782670,0.0,nan,nan,nan,0.0,0.00094185769895488588,0.0029568013783486244,5.7633297800994966e-05,0.001138863680186838,0.002401207751264435,1.945910149055313,0.055815706861928147,-1.7076761302422729,0.075781308297199423,1
1479782700,0.0,nan,nan,nan,0.0,0.00085022510683630188,0.00204358912384038,1.3405462280693532e-05,0.00013921744506416978,0.0017868837279060221,1.7917594692280547,0.057944902635792411,-1.5672748010662065,0.0025997782611434836,1
1479782730,0.0,nan,nan,nan,0.0,0.00066267362023037532,0.00204358912384038,1.3405462280693532e-05,0.00010231714138569462,0.00065906501175134731,1.945910149055313,0.070749351640647731,-1.5204273707751599,-0.045750508234044786,1
1479782760,0.0,nan,nan,nan,0.0,0.00097390759756431204,0.0030193986988073279,2.5370734349261785e-05,0.00010231714138569462,0.00078481584077500421,1.945910149055313,0.088781240033784556,-1.5782242629253069,-0.041709405031607576,1
1479782790,0.0,nan,nan,nan,0.0,0.0025361330103824474,0.0069350013552067283,9.4553033008268486e-06,2.5565508440088514e-05,0.002436576395039536,1.710560083757924,0.11378290640910883,-1.54088695471465,0.023667575833285093,1
1479782820,0.0,nan,nan,nan,0.0,0.0023667193647572576,0.0069350013552067283,9.4553033008268486e-06,4.108468255202609e-05,0.00068099446728775654,1.8675843750169276,0.011504285000514123,-1.451459134015193,0.039023513965671226,1
1479782850,0.0,42.340281481652298,-71.090802364504299,810.48977543269905,0.0,0.0004070007017904919,0.0012142815209211771,7.7143133127264622e-07,1.3298344794462354e-05,0.00014698877907751726,1.945910149055313,-0.22900915113197931,-1.5778658435955915,-0.070779171470493146,1
1479782880,48.063964112457185,42.340100474900254,-71.090450983111509,189.24829590544982,0.8010660685409531,8.3172655857703425e-06,2.4876220277694045e-05,7.7143133127264622e-07,2.0355202252383909e-06,8.6114442972399165e-06,1.7917594692280547,-0.43434876250638887,-1.7639160013927302,-0.18194893668175502,1
1479782910,0.607920033304246,42.340061661447564,-71.090383295280205,65.0,0.010132000555070768,2.8494250744967059e-06,9.9315387119054071e-06,1.5251522796154506e-06,2.3354256862640624e-06,5.825532662836631e-06,1.945910149055313,-0.43467046391606673,-1.7610684134347141,-0.19469922997618758,1
1479782940,1.5169876196170802,42.340059184083302,-71.090387286502462,65.0,0.025283126993618003,0.00077171482655948422,0.0022269383942463525,1.5251522796154506e-06,2.3757770874161835e-06,0.00031518709313611425,1.945910149055313,-0.47574508226852652,-1.8428702855557757,-0.18154531368304219,1
1479782970,0.35062504218336693,42.340057291331007,-71.090388518903353,65.0,0.005843750703056116,0.00081180106461656624,0.0022269383942463525,1.0015101686250266e-06,9.5028522780434206e-06,0.00047128398447115132,1.7917594692280547,-0.5421415212346542,-1.9910948826099002,-0.20265940726286072,1
1479783000,0.7616684482331189,42.340055282188786,-71.09038778998557,75.868909416178113,0.012694474137218647,0.00042422650858183706,0.0011338478932816571,1.0015101686250266e-06,1.6012394090046656e-05,0.00054793527834844969,1.945910149055313,-0.55493982428364175,-2.0355287193483398,-0.24436677728744141,1
1479783030,0.1812619257230236,42.340065180813177,-71.090383245413435,78.463866890922148,0.003021032095383727,0.0022193414067695101,0.0069340643563895969,6.8005391192421796e-05,0.00046141338538477567,0.001147284495942991,1.8675843750169276,-0.55807455832211883,-2.0419102676041772,-0.243901538908049,1
1479783060,1.3277620392288736,42.340069358521959,-71.0903820585999,66.982737260068646,0.022129367320481225,0.0024082056464182042,0.0069340643563895969,5.1271180273413988e-07,0.00016826893718609726,0.0020231175452048579,1.7105600837579242,-0.59905216855500842,-2.0472103273045552,-0.2510174350256939,1
1479783090,0.775245917339182,42.34006024226673,-71.090383499863179,75.530531495981535,0.012920765288986367,0.00077665553098390963,0.0023105830274050359,5.1271180273413988e-07,8.1091116106077288e-06,0.00053032191546213692,1.945910149055313,-0.56395293444385231,-2.1173523912794732,-0.21148487477985009,1
1479783120,0.3014751893808342,42.340057932589445,-71.090384160635224,76.17317863226566,0.00502458648968057,0.00059572202254405682,0.0019322166545107853,6.4488322769448176e-06,0.00026321252224684438,0.00073371083397704459,1.945910149055313,-0.44113103520171482,-2.2161445297168929,-0.10642087511352953,1
1479783150,0.6235313344088459,42.340057717787801,-71.090387807716155,65.0,0.010392188906814098,0.00060323200284932439,0.0019322166545107853,1.729251992171676e-05,0.00038762540896970852,0.00077840254629946246,1.7917594692280547,-0.34739897412210285,-2.2898414275105949,-0.010913269175608984,1
1479783180,0.8035841693628865,42.340054794929678,-71.090388953345624,69.657072219062499,0.01339306948938144,0.00012395209213268138,0.00042636540438817757,1.729251992171676e-05,0.00019815171100514894,0.00032253228839104877,1.945910149055313,-0.34984145044119319,-2.2922542492933102,-0.016804398508341385,1
1479783210,0.5989892793134939,42.340056940042274,-71.090389633660735,67.069809875138901,0.009983154655224898,8.0014609633521355e-05,0.00027035249961854539,4.506433939921676e-05,0.00011507816280776785,0.00023901753849861108,1.945910149055313,-0.35019543926121344,-2.3026529289627069,-0.021134089855854528,1
1479783240,0.038714787158989634,42.340057729032758,-71.090389880210807,65.0,0.0006452464526498273,0.00010174463030255373,0.00034657203879945309,4.506433939921676e-05,7.3972467428424216e-05,0.00013683455937008699,1.7917594692280547,-0.34401775787751182,-2.3125715626341363,-0.020400945688918065,1
1479783270,0.03211209225377665,42.340056279530344,-71.090389919859945,65.0,0.0005352015375629442,0.00022478983568073195,0.00067081505338073642,7.261231939414411e-05,0.00016727149896909828,0.00049859261266993211,1.945910149055313,-0.34359615406331129,-2.2797979625696541,-0.020456464048695083,1
1479783300,0.08329423673479623,42.340056157540012,-71.090390411352274,65.0,0.0013882372789132706,0.00032702409461237379,0.0011397897937653972,0.00015905802926463212,0.00025587645953920306,0.00066071411996057377,1.945910149055313,-0.32053448839106141,-2.1837411934900204,-0.016093462833071909,1
1479783330,0.4020566664239521,42.340057657884387,-71.090391690458176,72.796467354850549,0.006700944440399202,0.00038027490615572863,0.0011397897937653972,1.6777300198924203e-05,0.00010896783409078104,0.00044779794508604631,1.7917594692280547,-0.22509699112447432,-1.9194052949787699,-0.0025441473050361934,1
1479783360,3.5147417818614857,42.340060933294538,-71.090395481897147,80.249900978579703,0.05857902969769143,0.0012298319970120931,0.0036964888892744921,1.6777300198924203e-05,0.00013639877047571532,0.0015533503952976163,1.945910149055313,-0.15136073862629271,-1.4174029676201945,-0.027109745925057716,1
1479783390,0.08846342796439238,42.340064704512379,-71.090402751398173,75.029097425536094,0.0014743904660732064,0.0011598746273158423,0.0036964888892744921,0.0001805264385852666,0.00025415859209955123,0.0015533503952976163,1.945910149055313,-0.14608708127435427,-1.1092751324652028,-0.052022948864301199,1
1479783420,4.419323576120847,42.340063683641617,-71.090401221275556,68.631850233204673,0.07365539293534745,0.0011689713825293201,0.0034505563271547681,7.0213139099707867e-05,0.00022293811314290515,0.00085920555507254396,1.7917594692280547,-0.07646287696906863,-1.0032357183602765,-0.042545380989524616,1
1479783450,0.34715599494065674,42.340060939076899,-71.090394988640213,71.779880034584096,0.005785933249010946,0.0011683265159708853,0.0034505563271547681,3.2384887328879575e-06,6.8645038334737786e-05,0.00091169452711443273,1.945910149055313,0.018842691913759455,-0.94509565263028095,-0.028705615181360531,1
1479783480,0.403675567483201,42.340060200717353,-71.090393006782691,80.832927562084805,0.006727926124720017,0.0008337592471455589,0.0022676522680927331,3.2384887328879575e-06,9.3000108948753188e-05,0.0013901071416712032,1.945910149055313,0.047077166305118094,-0.92788657031921595,-0.029463485673365913,1
1479783510,0.06877217548649774,42.340061905297659,-71.090395214678097,91.061501867304386,0.0011462029247749624,0.0011398872526560289,0.0030794587001996775,6.4166973396233109e-06,0.00024466930866685546,0.0020652956939186846,1.7917594692280547,0.05753611750402815,-0.91277375900036739,-0.030400960010809702,1
1479783540,3.7777055900333836,42.340062598077871,-71.090395381798558,95.824227186103144,0.06296175983388973,0.0012380717800429548,0.0030794587001996775,6.4166973396233109e-06,0.00016561553510588257,0.002410477050536282,1.945910149055313,0.055245664429816134,-0.91106467473715924,-0.02398651377305494,1
1479783570,1.1603515100985151,42.340059616894514,-71.090394610749215,98.232440992807796,0.01933919183497525,0.0024400816234090429,0.0068505659821431301,1.0604357493288121e-05,0.00016838571481171598,0.003718328954652678,1.8675843750169276,0.053008430572663155,-0.92050365971977322,-0.01290087968638951,1
1479783600,1.5522744370884076,42.340059407320396,-71.090395063067277,82.83337539029985,0.025871240618140126,0.0027860220376205772,0.0068505659821431301,1.3622199141427264e-05,3.1957144517722062e-05,0.0037043085042643181,1.7105600837579242,0.045924696357155646,-0.92477879489976289,-0.00017923352395040658,1
1479783630,1.687627349634507,42.340059517525312,-71.090391732273744,76.643057177365563,0.02812712249390845,0.00340403712642985,0.0099279209224854767,1.3622199141427264e-05,4.7966728333319553e-05,0.0035576278254827267,1.8675843750169279,0.044176383376298749,-0.91681695341667913,0.00042015669224153062,1
1479783660,0.202769492916838,42.340057420067318,-71.090390142536208,77.70151692076243,0.0033794915486139664,0.0033322458964662369,0.0099279209224854767,8.1181040393660565e-06,1.8696678540706077e-05,0.0041875836702427727,1.8675843750169276,0.041837762321072072,-0.9040742141731789,0.00028168052217875209,1
1479783690,0.21634917064597964,42.340058333038897,-71.090394769440636,87.05238572175837,0.0036058195107663274,0.013449633204328291,0.037461474251520945,8.1181040393660565e-06,0.00042898190097220184,0.0038174500557791682,1.710560083757924,0.067489259177399633,-0.88653338481857691,-0.026111333059905217,1
1479783720,0.7716208341435377,42.340058878606236,-71.090398212028077,129.52929857480939,0.012860347235725628,0.012346290219941927,0.037461474251520945,0.00012907069089464128,0.0013575299588173811,0.0081054355004329011,1.8562701281920884,0.032636526313661054,-0.86377448873963192,-0.053508986353944819,1
1479783750,0.3240744732386404,42.340057379330105,-71.090393308040234,129.49583308794053,0.005401241220644007,0.003768197217957384,0.010462511204073236,4.7448167039431754e-06,6.8988496584296698e-05,0.0034050275469254552,1.8842428460867393,-0.020929089701716402,-0.838308339545493,-0.051326257986354575,1
1479783780,0.3804760361116152,42.34005794462643,-71.090389335841763,95.997382844365561,0.00634126726852692,6.6679641045864357e-05,0.00019315078992796931,4.7448167039431754e-06,1.059728929999822e-05,2.9321181735398455e-05,1.7917594692280547,0.022578786328291484,-0.76524677915598904,-0.080532578025051191,1
1479783810,1.6532391113726714,42.340055674829031,-71.090390613570747,74.872962321736807,0.027553985189544525,0.00155897531894643,0.0035286535620458978,1.4688327172364762e-05,1.6048219194010147e-05,0.0017229475845061126,1.945910149055313,0.075432840073095392,-0.72271658582466825,-0.10951008878074286,1
1479783840,3.0504341022766366,42.340055558628769,-71.090399809728211,96.883848102094362,0.050840568371277275,0.0077966754273949687,0.023038670292699345,1.4688327172364762e-05,1.8842904137195515e-05,0.0034704646090404434,1.8675843750169279,0.073976591347750129,-0.7228768113698566,-0.10753037531939244,1
1479783870,2.1233678855419598,42.340058906504574,-71.090402610812774,104.08014594608396,0.035389464759032666,0.0084188259432153439,0.023038670292699345,1.4679862106926523e-05,2.7732257863068254e-05,0.0012900221226343636,1.7105600837579242,0.080824597908775817,-0.71428133879276723,-0.10998499912969217,1
1479783900,2.9346015527729845,42.340058771847822,-71.090393260790037,92.099490712355944,0.04891002587954974,0.0020620288432743631,0.0063111669640539478,1.1894069561326976e-05,6.4174911491925651e-05,0.0014145894749850924,1.8675843750169276,0.097255528331100405,-0.7085539890509972,-0.11173352654058842,1
1479783930,0.24687360665806812,42.340059723231064,-71.090394189694706,106.29687537370501,0.004114560110967802,0.0031206198394888793,0.0078659928250125015,1.1894069561326976e-05,2.4922184721876887e-05,0.0038741724792950918,1.8842428460867393,0.10423631316333933,-0.70089379926507556,-0.10980838333329926,1
1479783960,1.0633604799917595,42.340059762450593,-71.090394677055528,103.17335305687679,0.017722674666529326,0.0030042027996800558,0.0078659928250125015,2.3496516182595893e-05,2.7504129875915493e-05,0.0045537294378139659,1.7480673485460896,0.10947657430876717,-0.68930016689140672,-0.10635891719980588,1
1479783990,2.181624695131284,42.34006335588407,-71.090391026003701,96.21497565066889,0.0363604115855214,0.0027866644221062205,0.007537850319664403,1.3604128347929985e-05,0.00039899735516718381,0.005344642221108668,1.9361470098309512,0.11188212954193556,-0.68348190550905075,-0.10758504719968949,1
1479784020,0.2933781060119217,42.340068731274535,-71.090403579472337,115.58557332848008,0.0048896351001986955,0.0027928913984038056,0.007537850319664403,1.3604128347929985e-05,0.0004053256578854204,0.0053721376964954064,1.9361470098309517,0.11237420780740857,-0.67940993724314669,-0.11140051452758745,1
1479784050,0.5155734674996709,42.340070001164051,-71.090419714294853,134.66117090514535,0.008592891124994515,0.0020021068275238559,0.005214253343280688,4.3629565156661485e-05,0.00039249453792521502,0.0029289064633070496,1.7105600837579242,-0.12205178977574516,-1.0533721297921674,-0.029259006497019513,1
1479784080,9.936172420283718,42.340066375784012,-71.090410591871191,107.83806095960649,0.1656028736713953,0.00013532867118377085,0.00049493024908955267,8.3879962179040057e-05,0.00020874661503159547,0.00040723152987067325,1.945910149055313,-0.35792137540145402,-1.4253674244973027,0.056129217553840802,1
1479784110,0.10667425585518776,42.340065205449399,-71.090390306298588,65.0,0.0017779042642531294,9.8140635444567508e-05,0.00034678858709682585,1.7912139775576785e-05,0.00010327064989239018,0.00020874661503159547,1.945910149055313,-0.35878997378772859,-1.4111400089271828,0.056008151629372352,1
1479784140,0.28868987998995677,42.340065751377047,-71.090390691083982,65.0,0.004811497999832613,8.0872547930729456e-05,0.00027500436693331167,1.7912139775576785e-05,8.4873794269118262e-05,0.00016659294937333748,1.7917594692280547,-0.35680410788323069,-1.391543749941615,0.055306920487141586,1
1479784170,0.6963068578244761,42.340062553312308,-71.09039254791287,65.0,0.011605114297074602,7.7397397573343053e-05,0.00027500436693331167,1.7139349321110483e-05,6.0178536819063193e-05,0.00011373260036719429,1.945910149055313,-0.35595674057017573,-1.3743820909118187,0.036846327740961929,1
1479784200,0.1317133346392824,42.340064183863035,-71.090394752794836,71.346881157231806,0.00219522224398804,0.00051855506438176302,0.0015380730220553914,1.2494743198944959e-05,3.2609238234496311e-05,9.3459458565355448e-05,1.945910149055313,-0.49039492466188056,-1.4662531027104744,-0.10431339472872146,1
1479784230,0.34873886599381004,42.340063076796703,-71.090395049028444,71.981569272954999,0.005812314433230168,0.00056351809142176832,0.0015380730220553914,5.6248307451043561e-06,1.2191313607685282e-05,7.2300582083090355e-05,1.7917594692280547,-0.75564154809361062,-1.6776551066214049,-0.37980656971286453,1
1479784260,0.3417908221606286,42.340061028452354,-71.090392990656909,65.0,0.005696513702677143,1.7534198587299584e-05,6.2255767206870292e-05,5.6248307451043561e-06,1.2187906812252018e-05,2.4921118647292763e-05,1.945910149055313,-0.85902047348892197,-1.8109849843251902,-0.46101072569423501,1
1479784290,1.0111293542409008,42.34005997088375,-71.090392944889985,65.0,0.016852155904015013,0.0018745410217830981,0.005383448686726809,1.0874569676756116e-05,1.5926396236443168e-05,4.6241288589240429e-05,1.8675843750169276,-0.86766687162113476,-1.8240058561640227,-0.45699947869060026,1
1479784320,0.312128553899731,42.340058848453424,-71.090391890314365,65.0,0.005202142564995516,0.0020013185061808409,0.005383448686726809,8.4573907339167428e-06,9.6027179408533982e-06,2.2066247391685518e-05,1.7105600837579242,-0.85922342780748462,-1.7804918044032332,-0.48430278529272996,1
1479784350,0.6047146584797694,42.340061483086153,-71.09039518753562,65.0,0.01007857764132949,0.00022632456953234625,0.00065218507421282643,8.4573907339167428e-06,1.1270094727323884e-05,0.00015386484539661207,1.945910149055313,-0.85905092736764099,-1.7744474900796372,-0.49317116934759303,1
1479784380,0.20009270363643736,42.34006171849974,-71.090396525835772,65.0,0.0033348783939406226,0.00021466785529973491,0.00065218507421282643,1.306262199122566e-05,2.4570070126946246e-05,0.00030082915610216295,1.945910149055313,-0.83710584535991328,-1.7644288380706745,-0.42910307299729183,1
1479784410,1.895159154666434,42.340061258779635,-71.090391434471869,69.17944643995159,0.031585985911107235,0.00051295306617624842,0.0014672167253094491,1.306262199122566e-05,2.4113430688206003e-05,0.00030845271766852131,1.7917594692280547,-0.74185753867511439,-1.7108743212569635,-0.19460705798796551,1
1479784440,0.584462222654463,42.340067202252506,-71.090390631183809,97.163759162102536,0.009741037044241051,0.00048853366258367616,0.0014672167253094491,2.3713502056606614e-05,3.5686117602071646e-05,0.00016792135625935494,1.945910149055313,-0.098038035660653791,-0.97594101751053286,-0.062420516592423536,1
1479784470,2.246278476862918,42.340065206725953,-71.090389914833011,96.2006886383612,0.03743797461438196,6.5310417656876135e-05,0.00022364994804746947,4.6059018621139123e-05,5.3139753166294178e-05,0.0001458012311438581,1.945910149055313,0.36514760507160987,-0.45684075029850718,-0.079050022565687258,1
1479784500,0.5566612349443106,42.340060348098802,-71.090387167699546,65.0,0.009277687249071844,4.969066367450883e-05,0.00017940969781647578,2.4795182308055048e-05,5.1047706704990969e-05,6.1225253143189391e-05,1.7917594692280547,0.40651926803557159,-0.46601773768487781,-0.090137382570541699,1
1479784530,0.23951490250262036,42.340059587446163,-71.090386666659541,65.0,0.00399191504171034,1.4851811181771047e-05,7.2350804756937017e-05,2.4795182308055048e-05,5.2882996106054587e-05,6.6131007004099186e-05,1.945910149055313,0.41460646639487558,-0.46648941081729128,-0.096317606789272134,1
1479784560,0.48302681213752563,42.340057983691935,-71.090390526614897,68.587386329663147,0.00805044686895876,0.00060068828105684982,0.001692284349946611,4.8385280138116289e-05,6.5665454843585744e-05,0.00050690772793703716,1.945910149055313,0.4156051983398254,-0.46368427374317367,-0.095828907538535235,1
1479784590,0.473820608061893,42.340059949591861,-71.090391718845353,68.946124962629455,0.007897010134364883,0.00061823173206026886,0.001692284349946611,6.5360848852555938e-05,6.702842377461907e-05,0.00074687627610472767,1.7917594692280547,0.41929879477462717,-0.46302342974020011,-0.096470810909308077,1
1479784620,1.1571287524620881,42.34006309466119,-71.090391308321813,71.893405720570328,0.01928547920770147,0.0018124911424705426,0.0053416829013112474,4.5366105591992804e-05,6.7319102720028728e-05,0.00038242581687507771,1.8675843750169276,0.42523004260082364,-0.43399381510001955,-0.095741920494101906,1
1479784650,0.06468324546201723,42.34006426459139,-71.090391070316798,77.189583915758845,0.0010780540910336205,0.001736923923649654,0.0053416829013112474,4.5366105591992804e-05,0.00019207201562719149,0.0010468016856961912,1.8675843750169276,0.43415809470205424,-0.4121708539643647,-0.094613746388317363,1
1479784680,2.1777813483287694,42.340062343636433,-71.090388944626142,71.515136586764399,0.03629635580547949,0.00043680459228417765,0.001332446238099136,3.2839718490124589e-05,0.00020484323023882797,0.00068489905423766871,1.7917594692280547,0.44793934296087684,-0.41248305841271038,-0.095067411738015695,1
1479784710,2.948772303515192,42.340062555805005,-71.090386909194535,85.057729793414083,0.04914620505858654,0.0013515071440662438,0.0039826082005748643,3.2839718490124589e-05,0.00019898495404823904,0.0011722330980468315,1.945910149055313,0.4544256961974335,-0.40913705723979393,-0.096780499665517966,1
1479784740,0.13733325156090634,42.340065223392102,-71.090382435927467,89.074873418996319,0.0022888875260151055,0.0013050779516400467,0.0039826082005748643,9.6950566582891862e-05,0.00019898495404823904,0.0015246016944490581,1.945910149055313,0.46384648562122716,-0.4024329888739957,-0.096377025943262404,1
1479784770,3.1471859352185874,42.340065637912559,-71.090386670558232,116.6477940484161,0.05245309892030979,0.00039660183993015338,0.0011608620098753895,9.2694221053105474e-06,7.5654022625283582e-05,0.00043385743391281497,1.7917594692280547,0.2599612935990418,-0.52619582236810281,-0.12922730537949301,1
1479784800,32.67048817498637,42.340089933415641,-71.090451324409557,129.87932524880145,0.5445081362497728,0.26704170213814787,0.73306101101555421,9.2694221053105474e-06,0.00016664874406545588,0.37554079191943918,1.8043716191528461,0.53980751658746651,0.15643633873403218,-0.83133353664436582,1
1479784830,32.53327586596422,42.340161748977714,-71.090594380694725,89.145371523895903,0.542221264432737,0.24848241630140872,0.73306101101555421,0.0015586140741843822,0.086929029114805878,0.37554079191943918,1.9459101490553139,1.0962812269920168,0.31386490141229995,-1.3602553993023057,1
1479784860,18.89386679062994,42.340153946401756,-71.09058961918123,65.0,0.3148977798438323,0.065476708936977768,0.17713854683604965,9.1973342539118389e-05,0.006335506613728583,0.097416546854995831,1.7328679513998633,1.0840091120168598,0.9071976806742349,-1.413416620886875,1
1479784890,10.210570427835199,42.340120103338833,-71.090531225941575,65.0,0.1701761737972533,0.078440888762606145,0.2387469062737107,9.1973342539118389e-05,0.014828776232587326,0.080749688354525659,1.9459101490553139,1.6196516029509829,1.5476368668948439,-1.4397359662012772,1
1479784920,22.730713467753024,42.340102609783578,-71.090480907974055,89.078567053550913,0.37884522446255037,0.080528328995573176,0.2387469062737107,9.8829387125464699e-05,0.0011706143354486584,0.034913589114001088,1.8043716191528452,2.0582989088092125,0.30774783227468372,-1.4227357747114231,1
1479784950,3.0733157123720414,42.340083015449032,-71.090428313973405,123.36029308623802,0.05122192853953402,0.0042553646115602037,0.011958494895344233,6.1108250613776634e-06,0.00022607187876372633,0.0012740604335871322,1.710560083757924,1.9440876174409156,-1.4748437884566865,-1.4017540251987397,1
1479784980,9.01001746063417,42.340090469715733,-71.090437979247739,174.36629410378322,0.15016695767723617,0.0039795386523396072,0.011958494895344233,6.1108250613776634e-06,0.00026863904345095452,0.0023848044177381955,1.8675843750169276,0.78813286762923218,-1.8793244011037584,-1.4199972762344644,1
1479785010,2.311811912442553,42.340088493335614,-71.090436445650269,182.5384799140007,0.03853019854070922,0.0028645658713815189,0.0084668315620490577,9.7507170276074968e-06,4.8582955223355076e-05,0.0023848044177381955,1.8675843750169276,-0.60637144887925998,-1.7842477901428759,-1.431531798867093,1
1479785040,1.6115968505907996,42.340089785624322,-71.090420011612778,175.67183799882355,0.02685994750984666,0.0030412473861891366,0.0084668315620490577,3.4879754155760647e-07,2.3777736327707435e-05,0.0030288741872651673,1.7105600837579242,-1.9934852105920797,-1.5312833842232096,-1.4332138277403217,1
1479785070,9.104123968742174,42.340089470965097,-71.090411912453447,187.6832792555407,0.15173539947903622,0.0013112700725087742,0.0035054277307134305,3.4879754155760647e-07,0.00010966682984492592,0.0021064543227157693,1.945910149055313,-0.93789327454521565,-1.7276637841080962,-1.4145629010156129,1
1479785100,0.9312070128848731,42.340076998958423,-71.090409713052253,188.2766288397097,0.015520116881414551,0.00082720032071336672,0.0026136950885111607,1.2656104704765187e-05,0.00021849375752840551,0.00089595869029897063,1.945910149055313,0.52843147926998424,-1.7809200365368267,-1.3988426455009313,1
1479785130,5.342636012647352,42.340077637470671,-71.090412144209395,199.66333708312956,0.08904393354412253,0.021368836711984959,0.051839810675899503,0.00023030996007172437,0.00088017644117541465,0.039051067342494028,1.6609474332869181,1.5676350205707434,-1.5012678492331986,-1.3874810315261668,1
1479785160,69.40993463333287,42.340173522738027,-71.090598837334142,135.1965197334215,1.1568322438888812,0.62190988512020928,1.818133446699949,0.0021516074168843003,0.027255345627069008,0.080379901494241512,1.9459101490553139,0.69071321315577616,-0.63001575903328322,-1.3854529799996897,1
1479785190,66.14630420447288,42.340412587273789,-71.090962401042816,45.05541244228742,1.1024384034078814,0.65220993826716767,1.818133446699949,0.0021516074168843003,0.06508000067292706,0.82440318442725369,1.9459101490553139,0.14354119004985,-0.29085534428525761,-1.38596290617425,1
1479785220,32.27438369525834,42.340666648971244,-71.091095800112086,25.0,0.5379063949209723,0.97301275592857361,2.4466604526315106,0.19008734654903928,0.26630855669046882,2.1372555856670128,1.791759469228055,1.9693734460874346,-0.022612439934287593,-1.1509185865316691,1
1479785250,22.27943365424759,42.340979374984606,-71.091145833089101,25.0,0.3713238942374598,4.4240067997385477,14.286200349586146,0.19008734654903928,1.6065930941376851,3.3092142856010964,1.9459101490553139,0.35812771376761582,0.94995417177447394,-0.7762960894936517,1
1479785280,21.423448087298425,42.341256281633257,-71.091158900476145,25.373197059673959,0.3570574681216404,4.3001719096551803,14.286200349586146,0.77442683143721147,1.5953055753736898,3.8194042838200306,1.9459101490553139,-1.2422945132398044,0.86326907814195475,-0.78626497006402996,1
1479785310,86.15877967620894,42.341599103568448,-71.0909885802037,27.354751309249295,1.435979661270149,1.1796870096197931,3.7405015165752844,0.3107044404924213,1.5779296691789835,3.2206800996563918,1.791759469228055,0.94131233504701994,0.80472821101817604,-0.78832219866810294,1
1479785340,76.84367968412751,42.34190044206786,-71.090629471532154,26.981554249575332,1.2807279947354584,1.3253693049475928,3.3932298324401069,9.2546688945919538e-06,0.001296733096152327,1.6286798374148563,1.8043716191528452,1.1807531022169442,1.3425011051610523,-0.49267266009649668,1
1479785370,94.95328942096789,42.341644943238713,-71.090692337587242,25.110439498862885,1.5825548236827982,0.19118246037679221,0.55432877352446719,9.2546688945919538e-06,0.001296733096152327,0.021949175800469838,1.8043716191528456,-0.11526245041624762,1.8168511603238573,-0.1307915190727876,1
1479785400,77.09038360804668,42.340672011724465,-71.090885273106991,19.771456448015428,1.284839726800778,0.0091907975963769224,0.025558218730194843,0.0010515087329317396,0.0025971360034375271,0.015021552065878343,1.6609474332869181,-0.15424778937093023,2.3490092656360999,0.22368112186756831,1
1479785430,166.11123157728767,42.339854581364037,-71.091027161816385,12.25,2.768520526288128,0.0077184758091624261,0.023471957043346432,0.00017419799538663367,0.0014315216321698666,0.0089335693472029493,1.8562701281920881,-0.22841619879423211,2.1561168963777311,0.24045287807287744,1
1479785460,597.8510407843668,42.338903812648809,-71.09291576936586,10.0,9.96418401307278,0.0078772179714413429,0.023471957043346432,0.00017419799538663367,0.00058785867032777801,0.010439656385045435,1.9036483899019156,-0.23894950502575268,1.5399074427027872,0.22377350879912083,1
1479785490,723.770404571399,42.337583794108149,-71.096123005806604,10.0,12.062840076189984,0.0058410269739113587,0.017258336074259931,0.00024204800157345848,0.001281839335145672,0.0077985571193642913,1.7347645210257754,-0.23936325004869219,1.263581450170715,0.22430341648873831,1
1479785520,695.4159496810629,42.336316475207546,-71.099375850714267,10.0,11.590265828017715,0.0054519688483575073,0.017258336074259931,0.00078102460167096387,0.0015294101100313167,0.0069540452209425185,1.8562701281920884,-0.28186227431729516,1.2724705730363273,0.23388142247299101,1
1479785550,661.9756787492979,42.335211543719133,-71.102352658129959,10.0,11.032927979154966,0.0030653885835098095,0.0084869956497877971,0.00078102460167096387,0.0013287752725189932,0.0050938668138229976,1.8842428460867402,-0.26975055829151973,1.3481820600465171,0.23005166128292309,1
1479785580,431.2912389441559,42.334294406270935,-71.104655756681325,10.0,7.188187315735932,0.0034687949068212091,0.0087478148765906365,6.4055786328049598e-05,0.001482117427120937,0.0069342258201455275,1.7480673485460896,-0.26321916635474835,1.5534265240601266,0.22987550572331697,1
1479785610,367.95220297471843,42.333580337969906,-71.106635668381216,10.0,6.1325367162453075,0.01074999205702774,0.027578037977678858,6.4055786328049598e-05,0.0015499079443716129,0.017453478394587191,1.9254081650860668,-0.23645818996553855,1.4140305182256514,0.20210764837227915,1
1479785640,330.16648175169587,42.333315591169203,-71.108224122486533,10.0,5.502774695861598,0.011191070889070204,0.027578037977678858,9.4394971840158483e-05,0.00075260769478141976,0.017453478394587191,1.8562701281920884,-0.19693470750791114,1.2190786095343522,0.20736189761183801,1
1479785670,67.62070621984654,42.333256130772178,-71.109053660570638,10.0,1.1270117703307756,0.0013195116272278124,0.003694392503795804,4.7686026890250826e-05,9.9721733030086788e-05,0.0012663113647338991,1.7917594692280547,-0.13795401582768729,1.3301094374853561,0.24592220010431851,1
1479785700,37.64894729149524,42.333217479673458,-71.109258825864856,10.0,0.627482454858254,0.0018584491291085373,0.0057696545393437892,4.7686026890250826e-05,0.00016873532634757737,0.0013259823292173668,1.8675843750169276,-0.15500749390591198,1.7258950459057956,0.31271938019587797,1
1479785730,76.58986768632565,42.332623787633104,-71.109438158138943,10.0,1.2764977947720941,0.0073962813588451266,0.02279449950135257,0.00022176863609528301,0.0010894491837765694,0.0074511648017493671,1.8562701281920881,-0.259552151577711,2.4185158252152386,0.36713037689781819,1
1479785760,139.31922480041013,42.331381078633257,-71.10931882773761,10.0,2.3219870800068354,0.0070665921652897706,0.02279449950135257,0.0013560486562417715,0.0034566487997126352,0.008600911139370818,1.7347645210257756,-0.32729834495880467,1.2706491130789614,0.36170889196653988,1
1479785790,113.06456019911518,42.330112297053226,-71.108887512061244,10.0,1.8844093366519197,0.028793238193229695,0.088109002859776131,0.0011587572859455631,0.0032251158275440994,0.019605817214043302,1.8640435797520256,-0.2204934339256108,-1.0757890629580367,0.26989513262510018,1
1479785820,23.05800884959743,42.329475412599642,-71.108748210103968,10.0,0.3843001474932905,0.029251446748637677,0.088109002859776131,0.00043130944619919229,0.0015780337297348673,0.019605817214043302,1.8640435797520258,0.22216311375531878,-0.48525323287880695,0.0041983614804645642,1
1479785850,2.773345982521074,42.329440538429623,-71.108766321750821,10.0,0.046222433042017896,0.0024150367665497427,0.0063511241967311779,0.00043130944619919229,0.00063857792438196755,0.0051870645320218414,1.591095563595939,-0.65893045741306744,1.3667566445525856,-0.77335778411427758,1
1479785880,1.1153882832957713,42.329414932248831,-71.108752590328095,10.0,0.01858980472159619,0.0028562731361746049,0.0063511241967311779,0.00063857792438196755,0.0020667144924692701,0.004922987628643875,0.69314718055994529,-2.7184071180838849,2.1430189310422154,-1.514772458497315,1
1479785910,0.0,nan,nan,nan,0.0,0.0,0.0,0.0,0.0,0.0,0.0,nan,nan,nan,1
1479785940,0.0,nan,nan,nan,0.0,0.0,0.0,0.0,0.0,0.0,0.0,nan,nan,nan,1
1479785970,0.0,nan,nan,nan,0.0,0.0,0.0,0.0,0.0,0.0,0.0,nan,nan,nan,1
1479786000,0.0,nan,nan,nan,0.0,0.0,0.0,0.0,0.0,0.0,0.0,nan,nan,nan,1
1479786030,0.0,nan,nan,nan,0.0,0.0,0.0,0.0,0.0,0.0,0.0,nan,nan,nan,1
1479786060,0.0,nan,nan,nan,0.0,0.0,0.0,0.0,0.0,0.0,0.0,nan,nan,nan,1
1479786090,0.0,nan,nan,nan,0.0,0.0,0.0,0.0,0.0,0.0,0.0,nan,nan,nan,1
1479786120,0.0,nan,nan,nan,0.0,0.0,0.0,0.0,0.0,0.0,0.0,nan,nan,nan,1
1479786150,0.0,nan,nan,nan,0.0,0.0,0.0,0.0,0.0,0.0,0.0,nan,nan,nan,1
1479786180,0.0,nan,nan,nan,0.0,0.0,0.0,0.0,0.0,0.0,0.0,nan,nan,nan,1
1479786210,0.0,nan,nan,nan,0.0,0.0,0.0,0.0,0.0,0.0,0.0,nan,nan,nan,1
1479786240,0.0,nan,nan,nan,0.0,0.0,0.0,0.0,0.0,0.0,0.0,nan,nan,nan,1
1479786270,0.0,nan,nan,nan,0.0,0.0,0.0,0.0,0.0,0.0,0.0,nan,nan,nan,1
1479786300,0.0,nan,nan,nan,0.0,0.0,0.0,0.0,0.0,0.0,0.0,nan,nan,nan,1
1479786330,0.0,nan,nan,nan,0.0,0.0,0.0,0.0,0.0,0.0,0.0,nan,nan,nan,1
1479786360,0.0,nan,nan,nan,0.0,0.0,0.0,0.0,0.0,0.0,0.0,nan,nan,nan,1
1479786390,0.0,nan,nan,nan,0.0,0.0,0.0,0.0,0.0,0.0,0.0,nan,nan,nan,1
1479786420,0.0,nan,nan,nan,0.0,0.0,0.0,0.0,0.0,0.0,0.0,nan,nan,nan,1
1479786450,0.0,nan,nan,nan,0.0,0.0,0.0,0.0,0.0,0.0,0.0,nan,nan,nan,1
1479786480,0.0,nan,nan,nan,0.0,0.0,0.0,0.0,0.0,0.0,0.0,nan,nan,nan,1
1479786510,0.0,nan,nan,nan,0.0,0.0,0.0,0.0,0.0,0.0,0.0,nan,nan,nan,1
1479786540,0.0,nan,nan,nan,0.0,0.0,0.0,0.0,0.0,0.0,0.0,nan,nan,nan,1
1479786570,0.0,nan,nan,nan,0.0,0.0,0.0,0.0,0.0,0.0,0.0,nan,nan,nan,1
1479786600,0.0,nan,nan,nan,0.0,0.0,0.0,0.0,0.0,0.0,0.0,nan,nan,nan,1
1479786630,0.0,nan,nan,nan,0.0,0.0,0.0,0.0,0.0,0.0,0.0,nan,nan,nan,1
1479786660,0.0,nan,nan,nan,0.0,0.0,0.0,0.0,0.0,0.0,0.0,nan,nan,nan,1
1479786690,0.0,nan,nan,nan,0.0,0.0,0.0,0.0,0.0,0.0,0.0,nan,nan,nan,1
1479786720,0.0,nan,nan,nan,0.0,0.0,0.0,0.0,0.0,0.0,0.0,nan,nan,nan,1
1479786750,0.0,nan,nan,nan,0.0,0.0,0.0,0.0,0.0,0.0,0.0,nan,nan,nan,1
1479786780,0.0,nan,nan,nan,0.0,0.0,0.0,0.0,0.0,0.0,0.0,nan,nan,nan,1
1479786810,0.0,nan,nan,nan,0.0,0.0,0.0,0.0,0.0,0.0,0.0,nan,nan,nan,1
1479786840,0.0,nan,nan,nan,0.0,0.0,0.0,0.0,0.0,0.0,0.0,nan,nan,nan,1
1479786870,0.0,nan,nan,nan,0.0,0.0,0.0,0.0,0.0,0.0,0.0,nan,nan,nan,1
1479786900,0.0,nan,nan,nan,0.0,0.0,0.0,0.0,0.0,0.0,0.0,nan,nan,nan,1
1479786930,0.0,nan,nan,nan,0.0,0.0,0.0,0.0,0.0,0.0,0.0,nan,nan,nan,1
1479786960,0.0,nan,nan,nan,0.0,0.0,0.0,0.0,0.0,0.0,0.0,nan,nan,nan,1
1479786990,0.0,nan,nan,nan,0.0,0.0,0.0,0.0,0.0,0.0,0.0,nan,nan,nan,1
1479787020,0.0,nan,nan,nan,0.0,0.0,0.0,0.0,0.0,0.0,0.0,nan,nan,nan,1
1479787050,0.0,nan,nan,nan,0.0,0.0,0.0,0.0,0.0,0.0,0.0,nan,nan,nan,1
1479787080,0.0,nan,nan,nan,0.0,0.0,0.0,0.0,0.0,0.0,0.0,nan,nan,nan,1
1479787110,0.0,nan,nan,nan,0.0,0.0,0.0,0.0,0.0,0.0,0.0,nan,nan,nan,1
1479787140,0.0,nan,nan,nan,0.0,0.0,0.0,0.0,0.0,0.0,0.0,nan,nan,nan,1
1479787170,0.0,nan,nan,nan,0.0,0.0,0.0,0.0,0.0,0.0,0.0,nan,nan,nan,1
1479787200,0.0,nan,nan,nan,0.0,0.0,0.0,0.0,0.0,0.0,0.0,nan,nan,nan,1
1479787230,0.0,nan,nan,nan,0.0,0.0,0.0,0.0,0.0,0.0,0.0,nan,nan,nan,1
1479787260,0.0,nan,nan,nan,0.0,0.0,0.0,0.0,0.0,0.0,0.0,nan,nan,nan,1
1479787290,0.0,nan,nan,nan,0.0,0.0,0.0,0.0,0.0,0.0,0.0,nan,nan,nan,1
1479787320,0.0,nan,nan,nan,0.0,0.0,0.0,0.0,0.0,0.0,0.0,nan,nan,nan,1
1479787350,0.0,nan,nan,nan,0.0,0.0,0.0,0.0,0.0,0.0,0.0,nan,nan,nan,1
1479787380,0.0,nan,nan,nan,0.0,0.0,0.0,0.0,0.0,0.0,0.0,nan,nan,nan,1
1479787410,0.0,nan,nan,nan,0.0,0.0,0.0,0.0,0.0,0.0,0.0,nan,nan,nan,1
1479787440,0.0,nan,nan,nan,0.0,0.0,0.0,0.0,0.0,0.0,0.0,nan,nan,nan,1
1479787470,0.0,nan,nan,nan,0.0,0.0,0.0,0.0,0.0,0.0,0.0,nan,nan,nan,1
1479787500,0.0,nan,nan,nan,0.0,0.0,0.0,0.0,0.0,0.0,0.0,nan,nan,nan,1
1479787530,0.0,nan,nan,nan,0.0,0.0,0.0,0.0,0.0,0.0,0.0,nan,nan,nan,1
1479787560,0.0,nan,nan,nan,0.0,0.0,0.0,0.0,0.0,0.0,0.0,nan,nan,nan,1
1479787590,0.0,nan,nan,nan,0.0,0.0,0.0,0.0,0.0,0.0,0.0,nan,nan,nan,1
1479787620,0.0,nan,nan,nan,0.0,0.0,0.0,0.0,0.0,0.0,0.0,nan,nan,nan,1
1479787650,0.0,nan,nan,nan,0.0,0.0,0.0,0.0,0.0,0.0,0.0,nan,nan,nan,1
1479787680,0.0,nan,nan,nan,0.0,0.0,0.0,0.0,0.0,0.0,0.0,nan,nan,nan,1
1479787710,0.0,nan,nan,nan,0.0,0.0,0.0,0.0,0.0,0.0,0.0,nan,nan,nan,1
1479787740,0.0,nan,nan,nan,0.0,0.0,0.0,0.0,0.0,0.0,0.0,nan,nan,nan,1
1479787770,0.0,nan,nan,nan,0.0,0.0,0.0,0.0,0.0,0.0,0.0,nan,nan,nan,1
1479787800,0.0,nan,nan,nan,0.0,0.0,0.0,0.0,0.0,0.0,0.0,nan,nan,nan,1
1479787830,0.0,nan,nan,nan,0.0,0.0,0.0,0.0,0.0,0.0,0.0,nan,nan,nan,1
1479787860,0.0,nan,nan,nan,0.0,0.0,0.0,0.0,0.0,0.0,0.0,nan,nan,nan,1
1479787890,0.0,nan,nan,nan,0.0,0.0,0.0,0.0,0.0,0.0,0.0,nan,nan,nan,1
1479787920,0.0,nan,nan,nan,0.0,0.0,0.0,0.0,0.0,0.0,0.0,nan,nan,nan,1
1479787950,0.0,nan,nan,nan,0.0,0.0,0.0,0.0,0.0,0.0,0.0,nan,nan,nan,1
1479787980,0.0,nan,nan,nan,0.0,0.0,0.0,0.0,0.0,0.0,0.0,nan,nan,nan,1
1479788010,0.0,nan,nan,nan,0.0,0.0,0.0,0.0,0.0,0.0,0.0,nan,nan,nan,1
1479788040,0.0,nan,nan,nan,0.0,0.0,0.0,0.0,0.0,0.0,0.0,nan,nan,nan,1
1479788070,0.0,nan,nan,nan,0.0,0.0,0.0,0.0,0.0,0.0,0.0,nan,nan,nan,1
1479788100,0.0,nan,nan,nan,0.0,0.0,0.0,0.0,0.0,0.0,0.0,nan,nan,nan,1
1479788130,0.0,nan,nan,nan,0.0,0.0,0.0,0.0,0.0,0.0,0.0,nan,nan,nan,1
1479788160,0.0,nan,nan,nan,0.0,0.0,0.0,0.0,0.0,0.0,0.0,nan,nan,nan,1
1479788190,0.0,nan,nan,nan,0.0,0.0,0.0,0.0,0.0,0.0,0.0,nan,nan,nan,1
1479788220,0.0,nan,nan,nan,0.0,0.0,0.0,0.0,0.0,0.0,0.0,nan,nan,nan,1
1479788250,0.0,nan,nan,nan,0.0,0.0,0.0,0.0,0.0,0.0,0.0,nan,nan,nan,1
1479788280,0.0,nan,nan,nan,0.0,0.0,0.0,0.0,0.0,0.0,0.0,nan,nan,nan,1
1479788310,0.0,nan,nan,nan,0.0,0.0,0.0,0.0,0.0,0.0,0.0,nan,nan,nan,1
1479788340,0.0,nan,nan,nan,0.0,0.0,0.0,0.0,0.0,0.0,0.0,nan,nan,nan,1
1479788370,0.0,nan,nan,nan,0.0,0.0,0.0,0.0,0.0,0.0,0.0,nan,nan,nan,1
1479788400,0.0,nan,nan,nan,0.0,0.0,0.0,0.0,0.0,0.0,0.0,nan,nan,nan,1
1479788430,0.0,nan,nan,nan,0.0,0.0,0.0,0.0,0.0,0.0,0.0,nan,nan,nan,1
1479788460,0.0,nan,nan,nan,0.0,0.0,0.0,0.0,0.0,0.0,0.0,nan,nan,nan,1
1479788490,0.0,nan,nan,nan,0.0,0.0,0.0,0.0,0.0,0.0,0.0,nan,nan,nan,1
1479788520,0.0,nan,nan,nan,0.0,0.0,0.0,0.0,0.0,0.0,0.0,nan,nan,nan,1
1479788550,0.0,nan,nan,nan,0.0,0.0,0.0,0.0,0.0,0.0,0.0,nan,nan,nan,1
1479788580,0.0,nan,nan,nan,0.0,0.0,0.0,0.0,0.0,0.0,0.0,nan,nan,nan,1
1479788610,0.0,nan,nan,nan,0.0,0.0,0.0,0.0,0.0,0.0,0.0,nan,nan,nan,1
1479788640,0.0,nan,nan,nan,0.0,0.0,0.0,0.0,0.0,0.0,0.0,nan,nan,nan,1
1479788670,0.0,nan,nan,nan,0.0,0.0,0.0,0.0,0.0,0.0,0.0,nan,nan,nan,1
1479788700,0.0,nan,nan,nan,0.0,0.0,0.0,0.0,0.0,0.0,0.0,nan,nan,nan,1
1479788730,0.0,nan,nan,nan,0.0,0.0,0.0,0.0,0.0,0.0,0.0,nan,nan,nan,1
1479788760,0.0,nan,nan,nan,0.0,0.0,0.0,0.0,0.0,0.0,0.0,nan,nan,nan,1
1479788790,0.0,nan,nan,nan,0.0,0.0,0.0,0.0,0.0,0.0,0.0,nan,nan,nan,1
1479788820,0.0,nan,nan,nan,0.0,0.0,0.0,0.0,0.0,0.0,0.0,nan,nan,nan,1
1479788850,0.0,nan,nan,nan,0.0,0.0,0.0,0.0,0.0,0.0,0.0,nan,nan,nan,1
1479788880,0.0,nan,nan,nan,0.0,0.0,0.0,0.0,0.0,0.0,0.0,nan,nan,nan,1
1479788910,0.0,nan,nan,nan,0.0,0.0,0.0,0.0,0.0,0.0,0.0,nan,nan,nan,1
1479788940,0.0,nan,nan,nan,0.0,0.0,0.0,0.0,0.0,0.0,0.0,nan,nan,nan,1
1479788970,0.0,nan,nan,nan,0.0,0.0,0.0,0.0,0.0,0.0,0.0,nan,nan,nan,1
1479789000,0.0,nan,nan,nan,0.0,0.0,0.0,0.0,0.0,0.0,0.0,nan,nan,nan,1
1479789030,0.0,nan,nan,nan,0.0,0.0,0.0,0.0,0.0,0.0,0.0,nan,nan,nan,1
1479789060,0.0,nan,nan,nan,0.0,0.0,0.0,0.0,0.0,0.0,0.0,nan,nan,nan,1
1479789090,0.0,nan,nan,nan,0.0,0.0,0.0,0.0,0.0,0.0,0.0,nan,nan,nan,1
1479789120,0.0,nan,nan,nan,0.0,0.0,0.0,0.0,0.0,0.0,0.0,nan,nan,nan,1
1479789150,0.0,nan,nan,nan,0.0,0.0,0.0,0.0,0.0,0.0,0.0,nan,nan,nan,1
1479789180,0.0,nan,nan,nan,0.0,0.0,0.0,0.0,0.0,0.0,0.0,nan,nan,nan,1
1479789210,0.0,nan,nan,nan,0.0,0.0,0.0,0.0,0.0,0.0,0.0,nan,nan,nan,1
1479789240,0.0,nan,nan,nan,0.0,0.0,0.0,0.0,0.0,0.0,0.0,nan,nan,nan,1
1479789270,0.0,nan,nan,nan,0.0,0.0,0.0,0.0,0.0,0.0,0.0,nan,nan,nan,1
1479789300,0.0,nan,nan,nan,0.0,0.0,0.0,0.0,0.0,0.0,0.0,nan,nan,nan,1
1479789330,0.0,nan,nan,nan,0.0,0.0,0.0,0.0,0.0,0.0,0.0,nan,nan,nan,1
1479789360,0.0,nan,nan,nan,0.0,0.0,0.0,0.0,0.0,0.0,0.0,nan,nan,nan,1
1479789390,0.0,nan,nan,nan,0.0,0.0,0.0,0.0,0.0,0.0,0.0,nan,nan,nan,1
1479789420,0.0,nan,nan,nan,0.0,0.0,0.0,0.0,0.0,0.0,0.0,nan,nan,nan,1
1479789450,0.0,nan,nan,nan,0.0,0.0,0.0,0.0,0.0,0.0,0.0,nan,nan,nan,1
1479789480,0.0,nan,nan,nan,0.0,0.0,0.0,0.0,0.0,0.0,0.0,nan,nan,nan,1
1479789510,0.0,nan,nan,nan,0.0,0.0,0.0,0.0,0.0,0.0,0.0,nan,nan,nan,1
1479789540,0.0,nan,nan,nan,0.0,0.0,0.0,0.0,0.0,0.0,0.0,nan,nan,nan,1
1479789570,0.0,nan,nan,nan,0.0,0.0,0.0,0.0,0.0,0.0,0.0,nan,nan,nan,1
1479789600,0.0,nan,nan,nan,0.0,0.0,0.0,0.0,0.0,0.0,0.0,nan,nan,nan,1
1479789630,0.0,nan,nan,nan,0.0,0.0,0.0,0.0,0.0,0.0,0.0,nan,nan,nan,1
1479789660,0.0,nan,nan,nan,0.0,0.0,0.0,0.0,0.0,0.0,0.0,nan,nan,nan,1
1479789690,0.0,nan,nan,nan,0.0,0.0,0.0,0.0,0.0,0.0,0.0,nan,nan,nan,1
1479789720,0.0,nan,nan,nan,0.0,0.0,0.0,0.0,0.0,0.0,0.0,nan,nan,nan,1
1479789750,0.0,nan,nan,nan,0.0,0.0,0.0,0.0,0.0,0.0,0.0,nan,nan,nan,1
1479789780,0.0,nan,nan,nan,0.0,0.0,0.0,0.0,0.0,0.0,0.0,nan,nan,nan,1
1479789810,0.0,nan,nan,nan,0.0,0.0,0.0,0.0,0.0,0.0,0.0,nan,nan,nan,1
1479789840,0.0,nan,nan,nan,0.0,0.0,0.0,0.0,0.0,0.0,0.0,nan,nan,nan,1
1479789870,0.0,nan,nan,nan,0.0,0.0,0.0,0.0,0.0,0.0,0.0,nan,nan,nan,1
1479789900,0.0,nan,nan,nan,0.0,0.0,0.0,0.0,0.0,0.0,0.0,nan,nan,nan,1
1479789930,0.0,nan,nan,nan,0.0,0.0,0.0,0.0,0.0,0.0,0.0,nan,nan,nan,1
1479789960,0.0,nan,nan,nan,0.0,0.0,0.0,0.0,0.0,0.0,0.0,nan,nan,nan,1
1479789990,0.0,nan,nan,nan,0.0,0.0,0.0,0.0,0.0,0.0,0.0,nan,nan,nan,1
1479790020,0.0,nan,nan,nan,0.0,0.0,0.0,0.0,0.0,0.0,0.0,nan,nan,nan,1
1479790050,0.0,nan,nan,nan,0.0,0.0,0.0,0.0,0.0,0.0,0.0,nan,nan,nan,1
1479790080,0.0,nan,nan,nan,0.0,0.0,0.0,0.0,0.0,0.0,0.0,nan,nan,nan,1
1479790110,0.0,nan,nan,nan,0.0,0.0,0.0,0.0,0.0,0.0,0.0,nan,nan,nan,1
1479790140,0.0,nan,nan,nan,0.0,0.0,0.0,0.0,0.0,0.0,0.0,nan,nan,nan,1
1479790170,0.0,nan,nan,nan,0.0,0.0,0.0,0.0,0.0,0.0,0.0,nan,nan,nan,1
1479790200,0.0,nan,nan,nan,0.0,0.0,0.0,0.0,0.0,0.0,0.0,nan,nan,nan,1
1479790230,0.0,nan,nan,nan,0.0,0.0,0.0,0.0,0.0,0.0,0.0,nan,nan,nan,1
1479790260,0.0,nan,nan,nan,0.0,0.0,0.0,0.0,0.0,0.0,0.0,nan,nan,nan,1
1479790290,0.0,nan,nan,nan,0.0,0.0,0.0,0.0,0.0,0.0,0.0,nan,nan,nan,1
1479790320,0.0,nan,nan,nan,0.0,0.0,0.0,0.0,0.0,0.0,0.0,nan,nan,nan,1
1479790350,0.0,nan,nan,nan,0.0,0.0,0.0,0.0,0.0,0.0,0.0,nan,nan,nan,1
1479790380,0.0,nan,nan,nan,0.0,0.0,0.0,0.0,0.0,0.0,0.0,nan,nan,nan,1
1479790410,0.0,nan,nan,nan,0.0,0.0,0.0,0.0,0.0,0.0,0.0,nan,nan,nan,1
1479790440,0.0,nan,nan,nan,0.0,0.0,0.0,0.0,0.0,0.0,0.0,nan,nan,nan,1
1479790470,0.0,nan,nan,nan,0.0,0.0,0.0,0.0,0.0,0.0,0.0,nan,nan,nan,1
1479790500,0.0,nan,nan,nan,0.0,0.0,0.0,0.0,0.0,0.0,0.0,nan,nan,nan,1
1479790530,0.0,nan,nan,nan,0.0,0.0,0.0,0.0,0.0,0.0,0.0,nan,nan,nan,1
1479790560,0.0,nan,nan,nan,0.0,0.0,0.0,0.0,0.0,0.0,0.0,nan,nan,nan,1
1479790590,0.0,nan,nan,nan,0.0,0.0,0.0,0.0,0.0,0.0,0.0,nan,nan,nan,1
1479790620,0.0,nan,nan,nan,0.0,0.0,0.0,0.0,0.0,0.0,0.0,nan,nan,nan,1
1479790650,0.0,nan,nan,nan,0.0,0.0,0.0,0.0,0.0,0.0,0.0,nan,nan,nan,1
1479790680,0.0,nan,nan,nan,0.0,0.0,0.0,0.0,0.0,0.0,0.0,nan,nan,nan,1
1479790710,0.0,nan,nan,nan,0.0,0.0,0.0,0.0,0.0,0.0,0.0,nan,nan,nan,1
1479790740,0.0,nan,nan,nan,0.0,0.0,0.0,0.0,0.0,0.0,0.0,nan,nan,nan,1
1479790770,0.0,nan,nan,nan,0.0,0.0,0.0,0.0,0.0,0.0,0.0,nan,nan,nan,1
1479790800,0.0,nan,nan,nan,0.0,0.0,0.0,0.0,0.0,0.0,0.0,nan,nan,nan,2
1479790830,0.0,nan,nan,nan,0.0,0.0,0.0,0.0,0.0,0.0,0.0,nan,nan,nan,2
1479790860,0.0,nan,nan,nan,0.0,0.0,0.0,0.0,0.0,0.0,0.0,nan,nan,nan,2
1479790890,0.0,nan,nan,nan,0.0,0.0,0.0,0.0,0.0,0.0,0.0,nan,nan,nan,2
1479790920,0.0,nan,nan,nan,0.0,0.0,0.0,0.0,0.0,0.0,0.0,nan,nan,nan,2
1479790950,3.62818297856023,42.331672315085164,-71.109898108561012,65.0,0.06046971630933717,0.0,3.1226948422425291,3.1226948422425291,3.1226948422425291,3.1226948422425291,0.0,2.91793122884568,-1.6434221838668599,-1.2992323191538599,2
1479790980,3.62818297856023,42.331672315085164,-71.109898108561012,65.0,0.06046971630933717,1.5612211759682633,3.1226948422425291,0.00025249030600279734,0.78086307829013435,2.3420842542583977,0.69314718055994529,1.5653117069936644,-0.07632761821853995,-0.43524144028849698,2
1479791010,0.0,nan,nan,nan,0.0,0.0,0.00025249030600279734,0.00025249030600279734,0.00025249030600279734,0.00025249030600279734,0.0,0.212692185141649,1.49076694742978,0.42874943857686598,2
